application_id,job_id,candidate_id,created_at,source,match_score,match_band,status,status_updated_at
A0001,J031,C0214,2026-05-31 09:30,referral,0.83,high,hired,2026-06-07 09:30
A0002,J027,C0222,2026-05-15 13:12,referral,0.51,medium,in_review,2026-05-21 13:12
A0003,J016,C0273,2026-06-20 11:33,job_board,0.32,low,rejected,2026-06-28 11:33
A0004,J017,C0400,2026-05-24 10:23,job_board,0.5,medium,new,
A0005,J022,C0066,2026-06-25 12:38,job_board,0.65,medium,new,
A0006,J029,C0013,2026-04-24 10:37,referral,0.35,low,new,
A0007,J035,C0183,2026-06-07 17:28,career_site,0.51,medium,new,
A0008,J015,C0392,2026-03-20 09:51,job_board,0.21,low,in_review,2026-03-27 09:51
A0009,J006,C0264,2026-04-01 15:14,referral,0.18,low,new,
A0010,J011,C0204,2026-03-31 10:24,job_board,0.39,low,rejected,2026-04-08 10:24
A0011,J005,C0112,2026-03-29 15:49,career_site,0.53,medium,rejected,2026-04-01 15:49
A0012,J026,C0238,2026-06-16 18:49,job_board,0.32,low,rejected,2026-06-19 18:49
A0013,J020,C0338,2026-05-30 12:52,referral,0.75,high,shortlisted,2026-06-06 12:52
A0014,J012,C0357,2026-04-01 10:23,referral,0.64,medium,shortlisted,2026-04-02 10:23
A0015,J013,C0317,2026-03-23 11:08,referral,0.68,high,rejected,2026-04-02 11:08
A0016,J004,C0318,2026-05-26 18:02,referral,0.59,medium,rejected,2026-06-03 18:02
A0017,J009,C0094,2026-05-11 13:26,job_board,0.5,medium,new,
A0018,J011,C0127,2026-03-25 12:21,career_site,0.77,high,shortlisted,2026-04-08 12:21
A0019,J016,C0216,2026-06-02 09:32,career_site,0.62,medium,rejected,2026-06-06 09:32
A0020,J032,C0181,2026-05-24 15:10,referral,0.57,medium,rejected,2026-05-26 15:10
A0021,J035,C0304,2026-04-30 11:53,job_board,0.47,medium,shortlisted,2026-05-07 11:53
A0022,J001,C0199,2026-06-22 11:18,career_site,0.57,medium,new,
A0023,J036,C0175,2026-03-29 09:37,referral,0.45,medium,new,
A0024,J001,C0238,2026-06-09 09:49,career_site,0.41,low,in_review,2026-06-20 09:49
A0025,J038,C0029,2026-06-24 09:16,career_site,0.4,low,in_review,2026-07-04 09:16
A0026,J008,C0344,2026-05-11 09:17,job_board,0.44,medium,in_review,2026-05-21 09:17
A0027,J015,C0158,2026-06-29 13:23,job_board,0.37,low,new,
A0028,J015,C0147,2026-03-11 10:14,job_board,0.47,medium,rejected,2026-03-20 10:14
A0029,J039,C0038,2026-04-20 13:03,career_site,0.48,medium,rejected,2026-04-24 13:03
A0030,J016,C0037,2026-04-09 14:04,job_board,0.41,low,new,
A0031,J019,C0210,2026-03-26 13:48,career_site,0.53,medium,in_review,2026-04-06 13:48
A0032,J019,C0205,2026-04-22 09:06,referral,0.4,low,in_review,2026-04-26 09:06
A0033,J025,C0391,2026-05-08 12:27,career_site,0.95,high,rejected,2026-05-18 12:27
A0034,J031,C0136,2026-05-20 14:30,referral,0.2,low,in_review,2026-06-03 14:30
A0035,J029,C0098,2026-03-07 13:57,career_site,0.39,low,in_review,2026-03-12 13:57
A0036,J028,C0370,2026-03-04 16:26,career_site,0.61,medium,in_review,2026-03-10 16:26
A0037,J010,C0286,2026-03-27 15:09,referral,0.58,medium,in_review,2026-04-08 15:09
A0038,J037,C0349,2026-04-22 15:45,career_site,0.4,low,in_review,2026-04-24 15:45
A0039,J033,C0089,2026-03-29 09:55,job_board,0.82,high,rejected,2026-04-05 09:55
A0040,J014,C0013,2026-04-10 18:01,job_board,0.84,high,in_review,2026-04-24 18:01
A0041,J026,C0179,2026-05-23 09:45,career_site,0.36,low,in_review,2026-06-02 09:45
A0042,J014,C0351,2026-06-28 18:08,referral,0.32,low,new,
A0043,J037,C0246,2026-03-16 16:54,career_site,0.52,medium,new,
A0044,J007,C0165,2026-04-10 09:16,job_board,0.45,medium,new,
A0045,J002,C0087,2026-05-04 11:29,career_site,0.75,high,new,
A0046,J032,C0019,2026-06-29 17:13,referral,0.55,medium,shortlisted,2026-07-04 17:13
A0047,J037,C0216,2026-06-03 14:12,career_site,0.44,medium,in_review,2026-06-05 14:12
A0048,J002,C0288,2026-04-30 15:02,career_site,0.28,low,in_review,2026-05-03 15:02
A0049,J037,C0011,2026-06-28 10:32,referral,0.72,high,in_review,2026-07-03 10:32
A0050,J039,C0136,2026-06-09 12:57,referral,0.44,medium,rejected,2026-06-17 12:57
A0051,J016,C0001,2026-06-16 13:53,career_site,0.29,low,rejected,2026-06-29 13:53
A0052,J019,C0156,2026-04-18 13:55,referral,0.6,medium,hired,2026-04-30 13:55
A0053,J029,C0367,2026-03-14 15:24,job_board,0.59,medium,new,
A0054,J029,C0039,2026-06-14 14:29,job_board,0.47,medium,in_review,2026-06-25 14:29
A0055,J033,C0094,2026-05-17 10:12,career_site,0.3,low,rejected,2026-05-20 10:12
A0056,J023,C0212,2026-05-13 10:34,job_board,0.3,low,shortlisted,2026-05-17 10:34
A0057,J024,C0147,2026-06-14 12:27,career_site,0.56,medium,new,
A0058,J031,C0336,2026-04-27 17:30,career_site,0.37,low,new,
A0059,J020,C0133,2026-03-07 15:49,job_board,0.61,medium,new,
A0060,J015,C0247,2026-06-16 09:49,job_board,0.08,low,shortlisted,2026-06-21 09:49
A0061,J022,C0198,2026-04-20 14:25,job_board,0.46,medium,shortlisted,2026-04-28 14:25
A0062,J038,C0030,2026-05-07 13:59,referral,0.47,medium,in_review,2026-05-12 13:59
A0063,J023,C0161,2026-06-05 11:29,job_board,0.6,medium,new,
A0064,J019,C0156,2026-05-06 13:58,referral,0.89,high,in_review,2026-05-12 13:58
A0065,J004,C0249,2026-04-27 13:30,career_site,0.22,low,new,
A0066,J006,C0345,2026-06-02 12:29,job_board,0.57,medium,in_review,2026-06-10 12:29
A0067,J006,C0306,2026-05-23 18:29,referral,0.76,high,new,
A0068,J007,C0318,2026-05-19 12:09,job_board,0.35,low,shortlisted,2026-05-23 12:09
A0069,J016,C0273,2026-04-25 14:41,job_board,0.45,medium,in_review,2026-04-27 14:41
A0070,J014,C0248,2026-03-20 09:03,job_board,0.45,medium,rejected,2026-03-23 09:03
A0071,J039,C0065,2026-03-04 18:20,career_site,0.62,medium,in_review,2026-03-18 18:20
A0072,J038,C0381,2026-04-18 13:39,career_site,0.45,medium,in_review,2026-04-28 13:39
A0073,J023,C0304,2026-05-25 12:22,career_site,0.32,low,new,
A0074,J018,C0130,2026-03-07 17:28,career_site,0.23,low,in_review,2026-03-14 17:28
A0075,J007,C0226,2026-04-25 14:52,referral,0.78,high,rejected,2026-05-05 14:52
A0076,J003,C0250,2026-03-16 11:38,job_board,0.31,low,in_review,2026-03-30 11:38
A0077,J034,C0310,2026-05-25 11:48,referral,0.25,low,rejected,2026-05-28 11:48
A0078,J003,C0110,2026-06-15 12:38,career_site,0.75,high,in_review,2026-06-26 12:38
A0079,J009,C0010,2026-05-23 09:22,career_site,0.54,medium,rejected,2026-06-01 09:22
A0080,J021,C0238,2026-04-23 11:20,job_board,0.6,medium,shortlisted,2026-04-29 11:20
A0081,J020,C0297,2026-03-09 17:42,career_site,0.53,medium,in_review,2026-03-21 17:42
A0082,J010,C0400,2026-06-30 13:32,referral,0.66,high,new,
A0083,J019,C0191,2026-06-18 12:26,job_board,0.53,medium,in_review,2026-06-22 12:26
A0084,J013,C0061,2026-05-29 14:10,job_board,0.38,low,rejected,2026-06-08 14:10
A0085,J019,C0324,2026-03-06 13:49,referral,0.43,medium,in_review,2026-03-08 13:49
A0086,J009,C0247,2026-05-21 16:25,career_site,0.6,medium,new,
A0087,J002,C0101,2026-04-19 14:50,career_site,0.71,high,shortlisted,2026-04-26 14:50
A0088,J026,C0040,2026-05-13 16:19,career_site,0.52,medium,shortlisted,2026-05-22 16:19
A0089,J005,C0331,2026-04-10 13:13,referral,0.31,low,in_review,2026-04-20 13:13
A0090,J002,C0157,2026-05-24 15:20,job_board,0.41,low,shortlisted,2026-05-28 15:20
A0091,J004,C0220,2026-04-28 13:12,career_site,0.18,low,new,
A0092,J023,C0086,2026-03-23 14:57,career_site,0.6,medium,new,
A0093,J034,C0308,2026-06-03 12:03,job_board,0.63,medium,new,
A0094,J019,C0333,2026-03-24 14:40,career_site,0.54,medium,in_review,2026-03-29 14:40
A0095,J025,C0324,2026-03-07 14:23,career_site,0.68,high,shortlisted,2026-03-21 14:23
A0096,J014,C0202,2026-04-27 16:51,referral,0.48,medium,in_review,2026-05-04 16:51
A0097,J008,C0025,2026-06-18 12:07,job_board,0.57,medium,rejected,2026-06-26 12:07
A0098,J037,C0293,2026-06-15 12:25,job_board,0.61,medium,new,
A0099,J029,C0086,2026-03-13 11:23,job_board,0.55,medium,shortlisted,2026-03-24 11:23
A0100,J008,C0387,2026-04-07 11:05,job_board,0.49,medium,shortlisted,2026-04-16 11:05
A0101,J013,C0133,2026-03-15 14:18,job_board,0.55,medium,new,
A0102,J025,C0133,2026-04-18 11:34,job_board,0.35,low,hired,2026-04-20 11:34
A0103,J037,C0034,2026-05-05 18:06,referral,0.62,medium,new,
A0104,J038,C0223,2026-04-07 15:01,career_site,0.37,low,rejected,2026-04-13 15:01
A0105,J022,C0372,2026-05-03 13:43,career_site,0.56,medium,rejected,2026-05-11 13:43
A0106,J032,C0109,2026-06-03 11:55,referral,0.43,medium,rejected,2026-06-16 11:55
A0107,J024,C0301,2026-03-27 10:30,job_board,0.65,medium,new,
A0108,J013,C0232,2026-03-25 12:12,job_board,0.3,low,new,
A0109,J016,C0060,2026-03-30 13:33,career_site,0.4,low,in_review,2026-04-01 13:33
A0110,J008,C0200,2026-06-17 12:45,career_site,0.41,low,shortlisted,2026-06-28 12:45
A0111,J032,C0075,2026-04-28 17:10,career_site,0.2,low,new,
A0112,J034,C0168,2026-04-07 11:02,job_board,0.43,medium,shortlisted,2026-04-12 11:02
A0113,J039,C0192,2026-04-16 09:06,job_board,0.24,low,rejected,2026-04-29 09:06
A0114,J021,C0315,2026-06-15 12:58,job_board,0.32,low,rejected,2026-06-20 12:58
A0115,J027,C0003,2026-04-05 17:10,career_site,0.59,medium,rejected,2026-04-08 17:10
A0116,J015,C0129,2026-06-12 18:46,career_site,0.42,medium,rejected,2026-06-25 18:46
A0117,J007,C0199,2026-04-17 10:33,job_board,0.5,medium,rejected,2026-04-23 10:33
A0118,J007,C0122,2026-03-24 10:32,career_site,0.58,medium,rejected,2026-03-27 10:32
A0119,J025,C0075,2026-05-05 14:08,job_board,0.52,medium,shortlisted,2026-05-12 14:08
A0120,J039,C0278,2026-06-27 13:20,referral,0.49,medium,shortlisted,2026-07-11 13:20
A0121,J004,C0187,2026-05-30 16:29,referral,0.37,low,rejected,2026-06-05 16:29
A0122,J009,C0043,2026-03-08 16:08,job_board,0.51,medium,rejected,2026-03-14 16:08
A0123,J009,C0160,2026-04-19 10:21,career_site,0.5,medium,in_review,2026-04-26 10:21
A0124,J008,C0286,2026-05-12 18:54,referral,0.65,medium,shortlisted,2026-05-14 18:54
A0125,J019,C0091,2026-06-18 12:42,career_site,0.56,medium,new,
A0126,J026,C0354,2026-03-17 18:24,referral,0.17,low,in_review,2026-03-30 18:24
A0127,J021,C0223,2026-04-07 10:33,career_site,0.59,medium,in_review,2026-04-18 10:33
A0128,J021,C0210,2026-04-10 14:00,job_board,0.64,medium,in_review,2026-04-24 14:00
A0129,J022,C0298,2026-05-23 18:40,job_board,0.4,low,rejected,2026-06-06 18:40
A0130,J035,C0182,2026-05-27 11:20,career_site,0.6,medium,new,
A0131,J025,C0069,2026-03-22 18:49,referral,0.48,medium,new,
A0132,J029,C0170,2026-04-06 10:56,job_board,0.59,medium,in_review,2026-04-17 10:56
A0133,J007,C0169,2026-03-15 11:36,career_site,0.52,medium,new,
A0134,J025,C0050,2026-04-30 18:44,career_site,0.31,low,rejected,2026-05-05 18:44
A0135,J026,C0168,2026-05-18 13:44,career_site,0.56,medium,in_review,2026-05-26 13:44
A0136,J032,C0310,2026-05-06 13:39,job_board,0.59,medium,in_review,2026-05-16 13:39
A0137,J010,C0109,2026-06-24 10:09,referral,0.46,medium,shortlisted,2026-07-06 10:09
A0138,J009,C0201,2026-04-09 10:53,career_site,0.47,medium,shortlisted,2026-04-23 10:53
A0139,J033,C0040,2026-03-05 16:39,referral,0.55,medium,in_review,2026-03-07 16:39
A0140,J033,C0121,2026-06-11 11:52,referral,0.67,high,rejected,2026-06-14 11:52
A0141,J025,C0330,2026-05-14 10:51,referral,0.5,medium,rejected,2026-05-15 10:51
A0142,J022,C0120,2026-03-26 17:15,career_site,0.68,high,rejected,2026-04-06 17:15
A0143,J035,C0142,2026-06-30 09:04,job_board,0.55,medium,new,
A0144,J006,C0068,2026-05-20 09:46,referral,0.28,low,rejected,2026-05-31 09:46
A0145,J021,C0255,2026-05-24 10:09,referral,0.76,high,new,
A0146,J004,C0296,2026-06-23 17:53,referral,0.63,medium,rejected,2026-06-24 17:53
A0147,J026,C0062,2026-05-30 17:24,career_site,0.42,medium,new,
A0148,J027,C0304,2026-03-31 09:19,job_board,0.6,medium,rejected,2026-04-11 09:19
A0149,J038,C0239,2026-06-27 17:14,job_board,0.51,medium,shortlisted,2026-07-01 17:14
A0150,J039,C0180,2026-04-04 15:51,job_board,0.48,medium,shortlisted,2026-04-07 15:51
A0151,J040,C0002,2026-04-19 16:44,referral,0.39,low,in_review,2026-04-27 16:44
A0152,J038,C0145,2026-06-29 18:44,job_board,0.69,high,new,
A0153,J005,C0019,2026-05-08 09:36,career_site,0.54,medium,rejected,2026-05-20 09:36
A0154,J034,C0374,2026-03-06 09:30,career_site,0.85,high,in_review,2026-03-20 09:30
A0155,J020,C0354,2026-03-24 15:22,referral,0.58,medium,in_review,2026-03-25 15:22
A0156,J037,C0313,2026-04-21 14:16,career_site,0.81,high,new,
A0157,J012,C0179,2026-04-07 17:46,referral,0.68,high,in_review,2026-04-13 17:46
A0158,J007,C0072,2026-06-12 12:52,referral,0.62,medium,rejected,2026-06-15 12:52
A0159,J014,C0116,2026-04-25 13:41,job_board,0.4,low,in_review,2026-05-06 13:41
A0160,J029,C0264,2026-06-18 10:30,career_site,0.46,medium,shortlisted,2026-06-26 10:30
A0161,J022,C0211,2026-06-14 16:49,job_board,0.61,medium,new,
A0162,J039,C0215,2026-06-19 13:45,career_site,0.34,low,rejected,2026-06-27 13:45
A0163,J006,C0228,2026-05-12 09:41,referral,0.52,medium,rejected,2026-05-15 09:41
A0164,J030,C0356,2026-04-06 11:25,career_site,0.61,medium,rejected,2026-04-17 11:25
A0165,J001,C0004,2026-03-13 14:08,job_board,0.46,medium,new,
A0166,J018,C0154,2026-04-22 17:28,referral,0.65,medium,rejected,2026-04-30 17:28
A0167,J035,C0157,2026-03-25 17:50,job_board,0.44,medium,rejected,2026-04-01 17:50
A0168,J008,C0012,2026-04-02 12:11,career_site,0.57,medium,in_review,2026-04-14 12:11
A0169,J028,C0081,2026-05-23 12:35,referral,0.65,medium,shortlisted,2026-05-25 12:35
A0170,J027,C0336,2026-04-06 13:40,career_site,0.43,medium,shortlisted,2026-04-10 13:40
A0171,J011,C0267,2026-05-01 16:43,job_board,0.47,medium,in_review,2026-05-07 16:43
A0172,J001,C0380,2026-03-25 12:29,career_site,0.62,medium,rejected,2026-04-04 12:29
A0173,J005,C0051,2026-03-12 13:40,referral,0.67,high,new,
A0174,J039,C0149,2026-06-26 11:40,job_board,0.43,medium,shortlisted,2026-07-10 11:40
A0175,J001,C0302,2026-06-27 11:46,career_site,0.2,low,rejected,2026-06-30 11:46
A0176,J022,C0113,2026-03-03 17:36,career_site,0.36,low,in_review,2026-03-12 17:36
A0177,J021,C0309,2026-04-12 11:28,career_site,0.49,medium,shortlisted,2026-04-25 11:28
A0178,J028,C0262,2026-06-21 09:34,job_board,0.45,medium,hired,2026-07-01 09:34
A0179,J028,C0317,2026-04-18 15:45,referral,0.17,low,hired,2026-04-30 15:45
A0180,J015,C0270,2026-03-08 18:52,career_site,0.61,medium,rejected,2026-03-12 18:52
A0181,J024,C0208,2026-06-25 09:54,referral,0.53,medium,rejected,2026-07-06 09:54
A0182,J033,C0182,2026-04-01 13:07,job_board,0.45,medium,rejected,2026-04-15 13:07
A0183,J001,C0141,2026-03-02 11:57,job_board,0.67,high,new,
A0184,J005,C0351,2026-03-23 18:19,referral,0.62,medium,new,
A0185,J039,C0369,2026-06-24 09:24,career_site,0.31,low,new,
A0186,J034,C0327,2026-03-05 12:27,referral,0.46,medium,rejected,2026-03-08 12:27
A0187,J017,C0281,2026-06-11 18:52,referral,0.16,low,shortlisted,2026-06-21 18:52
A0188,J002,C0145,2026-04-20 18:19,referral,0.63,medium,new,
A0189,J002,C0294,2026-04-05 16:35,referral,0.32,low,rejected,2026-04-12 16:35
A0190,J009,C0017,2026-05-24 17:03,career_site,0.3,low,new,
A0191,J038,C0146,2026-05-17 09:07,career_site,0.52,medium,new,
A0192,J001,C0153,2026-04-09 14:52,career_site,0.33,low,new,
A0193,J023,C0125,2026-04-16 14:22,referral,0.34,low,new,
A0194,J017,C0252,2026-06-09 18:22,job_board,0.5,medium,shortlisted,2026-06-17 18:22
A0195,J001,C0196,2026-03-21 13:11,job_board,0.32,low,rejected,2026-03-27 13:11
A0196,J003,C0077,2026-05-30 12:58,career_site,0.62,medium,rejected,2026-06-08 12:58
A0197,J026,C0374,2026-03-26 15:32,career_site,0.28,low,in_review,2026-04-05 15:32
A0198,J014,C0376,2026-04-12 16:18,referral,0.29,low,in_review,2026-04-25 16:18
A0199,J023,C0218,2026-06-13 16:02,job_board,0.98,high,new,
A0200,J007,C0335,2026-05-28 14:52,career_site,0.44,medium,new,
A0201,J015,C0136,2026-05-12 18:45,career_site,0.08,low,shortlisted,2026-05-26 18:45
A0202,J028,C0229,2026-04-28 18:59,job_board,0.9,high,in_review,2026-05-06 18:59
A0203,J040,C0149,2026-03-15 16:23,career_site,0.78,high,new,
A0204,J033,C0098,2026-04-20 13:22,job_board,0.39,low,new,
A0205,J017,C0066,2026-04-11 12:18,referral,0.22,low,rejected,2026-04-16 12:18
A0206,J031,C0196,2026-04-25 09:42,referral,0.75,high,new,
A0207,J028,C0383,2026-05-01 12:36,referral,0.57,medium,rejected,2026-05-04 12:36
A0208,J026,C0321,2026-04-22 18:54,job_board,0.2,low,rejected,2026-05-04 18:54
A0209,J012,C0054,2026-05-29 13:07,job_board,0.41,low,new,
A0210,J028,C0376,2026-06-08 15:55,career_site,0.63,medium,shortlisted,2026-06-20 15:55
A0211,J016,C0348,2026-05-08 12:43,career_site,0.51,medium,in_review,2026-05-16 12:43
A0212,J018,C0196,2026-05-31 13:37,referral,0.49,medium,in_review,2026-06-08 13:37
A0213,J013,C0370,2026-06-26 17:07,referral,0.79,high,new,
A0214,J003,C0190,2026-05-31 18:13,job_board,0.6,medium,new,
A0215,J033,C0264,2026-06-12 11:40,job_board,0.55,medium,rejected,2026-06-20 11:40
A0216,J029,C0087,2026-06-15 13:39,referral,0.29,low,rejected,2026-06-21 13:39
A0217,J040,C0287,2026-05-29 18:34,job_board,0.75,high,new,
A0218,J032,C0308,2026-06-05 14:49,job_board,0.69,high,in_review,2026-06-09 14:49
A0219,J008,C0059,2026-04-04 10:29,referral,0.69,high,rejected,2026-04-08 10:29
A0220,J006,C0244,2026-05-23 18:17,career_site,0.35,low,new,
A0221,J026,C0238,2026-05-09 14:51,career_site,0.52,medium,new,
A0222,J020,C0365,2026-03-26 12:40,job_board,0.48,medium,rejected,2026-04-04 12:40
A0223,J026,C0077,2026-04-01 18:48,job_board,0.47,medium,new,
A0224,J009,C0117,2026-03-06 15:39,job_board,0.43,medium,rejected,2026-03-07 15:39
A0225,J001,C0083,2026-06-13 09:00,career_site,0.69,high,shortlisted,2026-06-16 09:00
A0226,J038,C0204,2026-05-23 16:07,career_site,0.54,medium,new,
A0227,J016,C0298,2026-05-31 18:37,job_board,0.58,medium,rejected,2026-06-03 18:37
A0228,J025,C0355,2026-05-12 10:52,referral,0.78,high,new,
A0229,J024,C0300,2026-06-09 13:30,job_board,0.63,medium,rejected,2026-06-10 13:30
A0230,J034,C0141,2026-04-26 11:32,job_board,0.42,medium,shortlisted,2026-04-29 11:32
A0231,J040,C0093,2026-03-14 17:17,referral,0.51,medium,shortlisted,2026-03-19 17:17
A0232,J033,C0210,2026-04-25 09:06,referral,0.44,medium,in_review,2026-05-02 09:06
A0233,J037,C0286,2026-05-07 15:12,referral,0.6,medium,new,
A0234,J002,C0227,2026-04-13 11:26,career_site,0.47,medium,shortlisted,2026-04-21 11:26
A0235,J033,C0179,2026-04-29 10:13,job_board,0.54,medium,in_review,2026-05-07 10:13
A0236,J005,C0275,2026-04-01 14:07,career_site,0.11,low,new,
A0237,J007,C0337,2026-04-22 17:03,career_site,0.42,medium,new,
A0238,J035,C0333,2026-03-23 15:37,career_site,0.47,medium,shortlisted,2026-04-04 15:37
A0239,J007,C0029,2026-04-03 17:57,career_site,0.68,high,shortlisted,2026-04-06 17:57
A0240,J005,C0088,2026-06-21 17:46,referral,0.61,medium,rejected,2026-07-01 17:46
A0241,J029,C0215,2026-04-18 13:47,job_board,0.39,low,shortlisted,2026-04-21 13:47
A0242,J036,C0130,2026-05-31 13:06,referral,0.5,medium,shortlisted,2026-06-09 13:06
A0243,J026,C0047,2026-03-28 13:05,job_board,0.23,low,rejected,2026-04-06 13:05
A0244,J027,C0250,2026-06-12 14:57,career_site,0.6,medium,in_review,2026-06-18 14:57
A0245,J032,C0199,2026-05-02 17:54,career_site,0.59,medium,rejected,2026-05-09 17:54
A0246,J022,C0324,2026-04-03 15:09,referral,0.57,medium,new,
A0247,J022,C0047,2026-05-22 12:26,referral,0.32,low,new,
A0248,J028,C0241,2026-06-03 18:45,career_site,0.36,low,shortlisted,2026-06-16 18:45
A0249,J040,C0291,2026-05-06 18:30,career_site,0.4,low,new,
A0250,J034,C0325,2026-05-05 18:59,job_board,0.43,medium,rejected,2026-05-16 18:59
A0251,J007,C0101,2026-03-08 09:41,career_site,0.33,low,shortlisted,2026-03-12 09:41
A0252,J008,C0389,2026-05-05 15:40,career_site,0.45,medium,in_review,2026-05-07 15:40
A0253,J009,C0128,2026-04-06 14:53,career_site,0.59,medium,in_review,2026-04-20 14:53
A0254,J014,C0073,2026-06-14 13:21,job_board,0.46,medium,new,
A0255,J010,C0190,2026-04-27 18:53,career_site,0.35,low,in_review,2026-05-03 18:53
A0256,J002,C0285,2026-06-27 13:15,referral,0.54,medium,new,
A0257,J030,C0357,2026-06-30 12:35,career_site,0.35,low,rejected,2026-07-05 12:35
A0258,J017,C0037,2026-03-11 09:05,job_board,0.68,high,new,
A0259,J007,C0258,2026-06-09 18:50,job_board,0.47,medium,rejected,2026-06-17 18:50
A0260,J005,C0268,2026-03-25 11:19,career_site,0.33,low,in_review,2026-04-02 11:19
A0261,J024,C0106,2026-03-09 17:10,job_board,0.35,low,rejected,2026-03-22 17:10
A0262,J024,C0237,2026-03-30 17:07,career_site,0.6,medium,new,
A0263,J019,C0200,2026-04-04 10:44,referral,0.6,medium,rejected,2026-04-07 10:44
A0264,J004,C0090,2026-04-21 17:14,referral,0.7,high,rejected,2026-05-02 17:14
A0265,J011,C0182,2026-06-18 11:03,career_site,0.62,medium,hired,2026-06-24 11:03
A0266,J007,C0252,2026-05-10 12:14,career_site,0.36,low,shortlisted,2026-05-16 12:14
A0267,J032,C0397,2026-05-28 16:59,referral,0.15,low,shortlisted,2026-06-02 16:59
A0268,J002,C0112,2026-03-04 18:45,job_board,0.52,medium,hired,2026-03-16 18:45
A0269,J016,C0018,2026-05-24 16:12,referral,0.88,high,new,
A0270,J026,C0059,2026-06-02 14:56,career_site,0.62,medium,rejected,2026-06-11 14:56
A0271,J012,C0033,2026-06-22 09:02,referral,0.35,low,new,
A0272,J004,C0136,2026-03-05 10:32,job_board,0.65,medium,in_review,2026-03-08 10:32
A0273,J012,C0286,2026-05-07 12:31,referral,0.28,low,shortlisted,2026-05-09 12:31
A0274,J017,C0065,2026-03-10 12:39,job_board,0.6,medium,shortlisted,2026-03-12 12:39
A0275,J003,C0316,2026-04-17 18:45,referral,0.33,low,in_review,2026-04-29 18:45
A0276,J006,C0170,2026-03-03 16:48,job_board,0.8,high,new,
A0277,J008,C0204,2026-05-16 10:10,referral,0.63,medium,in_review,2026-05-22 10:10
A0278,J040,C0358,2026-04-26 12:38,job_board,0.45,medium,new,
A0279,J005,C0378,2026-05-02 12:25,job_board,0.62,medium,rejected,2026-05-05 12:25
A0280,J013,C0075,2026-06-30 15:16,referral,0.44,medium,shortlisted,2026-07-09 15:16
A0281,J032,C0063,2026-03-21 14:49,career_site,0.5,medium,shortlisted,2026-03-23 14:49
A0282,J005,C0038,2026-06-11 18:22,job_board,0.34,low,shortlisted,2026-06-24 18:22
A0283,J001,C0059,2026-06-23 16:26,career_site,0.43,medium,shortlisted,2026-06-24 16:26
A0284,J008,C0327,2026-04-17 10:37,job_board,0.51,medium,new,
A0285,J037,C0335,2026-05-12 14:08,job_board,0.47,medium,new,
A0286,J006,C0199,2026-05-22 10:06,job_board,0.36,low,in_review,2026-05-24 10:06
A0287,J019,C0124,2026-03-04 15:47,job_board,0.54,medium,in_review,2026-03-16 15:47
A0288,J033,C0334,2026-06-16 18:17,referral,0.58,medium,shortlisted,2026-06-28 18:17
A0289,J017,C0295,2026-05-01 10:27,referral,0.53,medium,rejected,2026-05-05 10:27
A0290,J025,C0369,2026-03-12 12:34,referral,0.53,medium,shortlisted,2026-03-15 12:34
A0291,J034,C0111,2026-03-15 18:01,job_board,0.34,low,shortlisted,2026-03-20 18:01
A0292,J031,C0156,2026-06-18 13:57,referral,0.29,low,rejected,2026-06-19 13:57
A0293,J019,C0369,2026-06-20 10:01,job_board,0.45,medium,in_review,2026-07-03 10:01
A0294,J035,C0295,2026-04-30 14:11,career_site,0.43,medium,shortlisted,2026-05-11 14:11
A0295,J012,C0339,2026-06-12 17:29,job_board,0.45,medium,rejected,2026-06-21 17:29
A0296,J010,C0073,2026-03-26 10:42,career_site,0.4,low,rejected,2026-04-02 10:42
A0297,J005,C0182,2026-06-12 18:19,referral,0.35,low,hired,2026-06-14 18:19
A0298,J019,C0201,2026-05-24 16:09,job_board,0.39,low,rejected,2026-06-05 16:09
A0299,J026,C0171,2026-05-21 10:46,career_site,0.28,low,in_review,2026-06-03 10:46
A0300,J034,C0040,2026-03-23 09:09,career_site,0.42,medium,in_review,2026-04-01 09:09
A0301,J008,C0114,2026-03-04 15:25,referral,0.64,medium,new,
A0302,J002,C0288,2026-06-27 15:23,referral,0.54,medium,rejected,2026-07-10 15:23
A0303,J010,C0394,2026-03-20 09:55,career_site,0.7,high,new,
A0304,J002,C0012,2026-05-01 13:35,referral,0.89,high,new,
A0305,J019,C0229,2026-04-18 15:37,career_site,0.7,high,hired,2026-04-25 15:37
A0306,J030,C0369,2026-03-27 10:22,referral,0.74,high,rejected,2026-04-06 10:22
A0307,J019,C0281,2026-05-21 14:50,career_site,0.67,high,new,
A0308,J027,C0028,2026-05-24 11:26,career_site,0.91,high,new,
A0309,J026,C0247,2026-05-14 09:42,job_board,0.8,high,in_review,2026-05-23 09:42
A0310,J013,C0332,2026-05-30 09:00,job_board,0.43,medium,new,
A0311,J025,C0314,2026-06-02 16:43,career_site,0.65,medium,shortlisted,2026-06-04 16:43
A0312,J020,C0037,2026-03-29 10:54,job_board,0.53,medium,in_review,2026-04-02 10:54
A0313,J019,C0352,2026-04-26 17:32,job_board,0.26,low,in_review,2026-05-06 17:32
A0314,J031,C0346,2026-06-13 18:47,referral,0.36,low,rejected,2026-06-24 18:47
A0315,J015,C0023,2026-04-28 16:25,referral,0.6,medium,new,
A0316,J018,C0394,2026-04-14 14:36,job_board,0.63,medium,in_review,2026-04-26 14:36
A0317,J020,C0399,2026-05-19 14:51,referral,0.49,medium,new,
A0318,J037,C0306,2026-06-07 09:39,career_site,0.37,low,in_review,2026-06-16 09:39
A0319,J018,C0272,2026-03-07 13:48,career_site,0.44,medium,shortlisted,2026-03-08 13:48
A0320,J030,C0324,2026-04-11 16:56,career_site,0.4,low,in_review,2026-04-18 16:56
A0321,J009,C0192,2026-04-25 09:15,referral,0.69,high,new,
A0322,J013,C0019,2026-04-01 12:48,career_site,0.53,medium,new,
A0323,J017,C0392,2026-06-03 11:10,career_site,0.26,low,rejected,2026-06-13 11:10
A0324,J038,C0205,2026-06-04 10:38,referral,0.42,medium,shortlisted,2026-06-10 10:38
A0325,J010,C0223,2026-05-15 14:13,job_board,0.5,medium,in_review,2026-05-17 14:13
A0326,J035,C0136,2026-04-08 13:36,job_board,0.5,medium,in_review,2026-04-20 13:36
A0327,J031,C0352,2026-05-14 18:20,job_board,0.72,high,new,
A0328,J031,C0132,2026-05-05 14:52,career_site,0.62,medium,new,
A0329,J003,C0178,2026-03-16 17:28,job_board,0.4,low,new,
A0330,J030,C0071,2026-05-01 16:23,job_board,0.36,low,in_review,2026-05-09 16:23
A0331,J021,C0281,2026-05-20 17:29,referral,0.33,low,in_review,2026-05-29 17:29
A0332,J017,C0096,2026-04-11 17:17,job_board,0.28,low,new,
A0333,J001,C0291,2026-05-15 12:41,referral,0.56,medium,rejected,2026-05-20 12:41
A0334,J008,C0169,2026-03-25 09:13,career_site,0.4,low,rejected,2026-04-02 09:13
A0335,J038,C0328,2026-06-04 10:32,referral,0.67,high,in_review,2026-06-15 10:32
A0336,J032,C0191,2026-06-03 18:30,job_board,0.41,low,shortlisted,2026-06-10 18:30
A0337,J036,C0213,2026-05-11 15:20,referral,0.28,low,in_review,2026-05-22 15:20
A0338,J013,C0087,2026-05-23 16:41,job_board,0.52,medium,in_review,2026-05-31 16:41
A0339,J037,C0075,2026-04-10 14:04,job_board,0.47,medium,in_review,2026-04-18 14:04
A0340,J020,C0047,2026-03-19 13:47,referral,0.51,medium,in_review,2026-03-23 13:47
A0341,J005,C0094,2026-04-07 15:28,job_board,0.76,high,new,
A0342,J040,C0262,2026-05-17 09:00,referral,0.44,medium,hired,2026-05-25 09:00
A0343,J003,C0396,2026-04-04 15:11,referral,0.72,high,hired,2026-04-17 15:11
A0344,J003,C0242,2026-05-05 12:24,job_board,0.73,high,rejected,2026-05-08 12:24
A0345,J024,C0161,2026-05-03 09:09,job_board,0.38,low,in_review,2026-05-04 09:09
A0346,J001,C0131,2026-04-27 13:34,job_board,0.47,medium,rejected,2026-05-02 13:34
A0347,J015,C0175,2026-05-22 18:09,career_site,0.5,medium,new,
A0348,J035,C0080,2026-04-07 12:32,job_board,0.34,low,rejected,2026-04-19 12:32
A0349,J030,C0054,2026-05-08 10:38,referral,0.4,low,in_review,2026-05-17 10:38
A0350,J010,C0219,2026-04-04 14:48,career_site,0.44,medium,in_review,2026-04-13 14:48
A0351,J038,C0061,2026-03-08 15:11,referral,0.66,high,new,
A0352,J029,C0132,2026-06-12 16:35,referral,0.8,high,new,
A0353,J026,C0134,2026-05-03 16:38,referral,0.43,medium,rejected,2026-05-11 16:38
A0354,J007,C0147,2026-05-30 18:27,job_board,0.54,medium,in_review,2026-06-12 18:27
A0355,J015,C0349,2026-03-07 14:06,referral,0.56,medium,new,
A0356,J019,C0278,2026-05-05 11:32,job_board,0.77,high,new,
A0357,J019,C0306,2026-06-26 15:52,job_board,0.27,low,new,
A0358,J024,C0311,2026-06-04 14:25,career_site,0.64,medium,rejected,2026-06-06 14:25
A0359,J012,C0256,2026-06-27 09:26,job_board,0.84,high,new,
A0360,J036,C0158,2026-06-05 09:08,referral,0.08,low,new,
A0361,J007,C0220,2026-06-06 13:21,career_site,0.36,low,new,
A0362,J027,C0314,2026-06-13 18:36,job_board,0.31,low,rejected,2026-06-23 18:36
A0363,J030,C0311,2026-05-27 14:10,referral,0.32,low,in_review,2026-06-02 14:10
A0364,J039,C0074,2026-03-14 12:52,career_site,0.38,low,new,
A0365,J017,C0292,2026-06-18 09:06,job_board,0.43,medium,new,
A0366,J023,C0327,2026-06-01 11:13,referral,0.57,medium,rejected,2026-06-12 11:13
A0367,J008,C0116,2026-06-01 10:26,job_board,0.36,low,shortlisted,2026-06-02 10:26
A0368,J017,C0175,2026-04-11 12:49,job_board,0.7,high,in_review,2026-04-22 12:49
A0369,J019,C0057,2026-05-25 14:37,career_site,0.69,high,rejected,2026-05-29 14:37
A0370,J021,C0293,2026-06-08 12:40,referral,0.7,high,rejected,2026-06-19 12:40
A0371,J008,C0304,2026-04-30 12:39,career_site,0.55,medium,shortlisted,2026-05-12 12:39
A0372,J003,C0384,2026-04-16 11:30,career_site,0.32,low,new,
A0373,J029,C0359,2026-04-20 15:00,referral,0.63,medium,in_review,2026-04-24 15:00
A0374,J035,C0384,2026-04-19 18:08,job_board,0.83,high,shortlisted,2026-04-27 18:08
A0375,J025,C0337,2026-04-30 18:32,career_site,0.5,medium,new,
A0376,J021,C0359,2026-05-30 16:35,job_board,0.41,low,in_review,2026-06-09 16:35
A0377,J019,C0272,2026-06-20 11:24,job_board,0.51,medium,new,
A0378,J023,C0160,2026-05-05 15:30,referral,0.49,medium,rejected,2026-05-18 15:30
A0379,J031,C0032,2026-04-24 10:43,career_site,0.7,high,in_review,2026-04-28 10:43
A0380,J033,C0114,2026-05-11 13:27,referral,0.4,low,shortlisted,2026-05-19 13:27
A0381,J013,C0026,2026-06-06 11:18,job_board,0.44,medium,shortlisted,2026-06-17 11:18
A0382,J036,C0167,2026-04-11 09:27,job_board,0.79,high,shortlisted,2026-04-18 09:27
A0383,J018,C0060,2026-05-22 12:46,referral,0.5,medium,new,
A0384,J026,C0349,2026-06-11 12:32,career_site,0.36,low,shortlisted,2026-06-15 12:32
A0385,J017,C0217,2026-03-08 12:44,referral,0.37,low,in_review,2026-03-22 12:44
A0386,J027,C0305,2026-05-13 09:05,career_site,0.39,low,rejected,2026-05-26 09:05
A0387,J016,C0224,2026-05-14 10:34,job_board,0.54,medium,in_review,2026-05-15 10:34
A0388,J005,C0004,2026-05-13 09:00,job_board,0.57,medium,new,
A0389,J007,C0173,2026-05-22 14:18,job_board,0.29,low,shortlisted,2026-06-04 14:18
A0390,J040,C0102,2026-04-12 10:36,job_board,0.49,medium,in_review,2026-04-24 10:36
A0391,J028,C0163,2026-04-24 13:06,referral,0.73,high,new,
A0392,J011,C0205,2026-05-12 15:10,referral,0.64,medium,new,
A0393,J032,C0213,2026-03-21 10:04,career_site,0.47,medium,new,
A0394,J007,C0108,2026-06-05 12:12,referral,0.67,high,new,
A0395,J036,C0130,2026-05-15 14:29,career_site,0.52,medium,new,
A0396,J003,C0198,2026-06-22 16:42,job_board,0.69,high,rejected,2026-06-30 16:42
A0397,J039,C0339,2026-03-03 17:31,career_site,0.34,low,new,
A0398,J038,C0240,2026-05-09 09:16,referral,0.33,low,in_review,2026-05-13 09:16
A0399,J008,C0085,2026-06-02 11:59,career_site,0.22,low,new,
A0400,J029,C0104,2026-06-02 10:28,job_board,0.41,low,in_review,2026-06-14 10:28
A0401,J016,C0400,2026-04-17 17:21,job_board,0.61,medium,in_review,2026-04-21 17:21
A0402,J014,C0164,2026-04-14 14:28,job_board,0.44,medium,in_review,2026-04-22 14:28
A0403,J009,C0086,2026-06-06 14:48,job_board,0.35,low,new,
A0404,J031,C0129,2026-05-25 15:41,career_site,0.51,medium,in_review,2026-05-26 15:41
A0405,J026,C0171,2026-03-20 18:46,job_board,0.35,low,in_review,2026-04-01 18:46
A0406,J037,C0043,2026-04-22 12:44,job_board,0.54,medium,new,
A0407,J014,C0173,2026-04-29 14:54,career_site,0.23,low,hired,2026-05-06 14:54
A0408,J005,C0178,2026-06-30 13:29,referral,0.66,high,new,
A0409,J023,C0082,2026-03-13 17:28,job_board,0.6,medium,new,
A0410,J020,C0033,2026-04-23 17:39,job_board,0.59,medium,rejected,2026-04-28 17:39
A0411,J020,C0312,2026-05-20 09:10,career_site,0.51,medium,in_review,2026-05-26 09:10
A0412,J031,C0352,2026-06-01 14:04,career_site,0.76,high,in_review,2026-06-13 14:04
A0413,J040,C0346,2026-05-15 09:14,referral,0.43,medium,rejected,2026-05-23 09:14
A0414,J008,C0159,2026-05-24 17:35,referral,0.4,low,rejected,2026-05-27 17:35
A0415,J031,C0105,2026-03-28 10:42,referral,0.72,high,new,
A0416,J031,C0356,2026-04-05 17:12,career_site,0.41,low,new,
A0417,J004,C0395,2026-06-01 15:20,career_site,0.51,medium,new,
A0418,J022,C0167,2026-06-13 17:59,referral,0.43,medium,rejected,2026-06-20 17:59
A0419,J030,C0071,2026-04-25 15:42,referral,0.51,medium,rejected,2026-05-03 15:42
A0420,J009,C0238,2026-06-28 15:13,referral,0.77,high,new,
A0421,J028,C0162,2026-05-02 09:30,career_site,0.61,medium,rejected,2026-05-16 09:30
A0422,J019,C0328,2026-03-16 11:45,referral,0.34,low,new,
A0423,J038,C0143,2026-03-18 17:36,job_board,0.55,medium,new,
A0424,J005,C0051,2026-05-08 11:52,job_board,0.58,medium,new,
A0425,J005,C0365,2026-04-18 15:18,career_site,0.7,high,new,
A0426,J031,C0146,2026-05-17 13:00,career_site,0.24,low,new,
A0427,J012,C0303,2026-05-11 16:32,job_board,0.37,low,in_review,2026-05-14 16:32
A0428,J038,C0065,2026-04-10 10:40,job_board,0.44,medium,in_review,2026-04-12 10:40
A0429,J036,C0145,2026-03-21 14:01,referral,0.47,medium,new,
A0430,J027,C0374,2026-04-14 10:58,career_site,0.46,medium,new,
A0431,J002,C0162,2026-06-04 11:26,referral,0.34,low,in_review,2026-06-06 11:26
A0432,J010,C0164,2026-05-02 10:25,referral,0.61,medium,new,
A0433,J026,C0192,2026-03-16 09:06,career_site,0.29,low,new,
A0434,J009,C0039,2026-05-05 13:20,career_site,0.24,low,new,
A0435,J021,C0161,2026-04-29 15:55,career_site,0.37,low,in_review,2026-05-13 15:55
A0436,J026,C0008,2026-03-17 14:32,job_board,0.55,medium,shortlisted,2026-03-21 14:32
A0437,J001,C0308,2026-05-31 13:41,career_site,0.69,high,rejected,2026-06-03 13:41
A0438,J026,C0084,2026-03-29 15:35,job_board,0.41,low,shortlisted,2026-04-05 15:35
A0439,J024,C0216,2026-06-23 11:56,referral,0.69,high,new,
A0440,J023,C0065,2026-03-10 15:21,referral,0.41,low,rejected,2026-03-15 15:21
A0441,J036,C0368,2026-05-26 16:54,referral,0.62,medium,in_review,2026-05-31 16:54
A0442,J034,C0120,2026-05-27 10:59,referral,0.39,low,new,
A0443,J016,C0183,2026-06-04 14:58,job_board,0.83,high,new,
A0444,J020,C0282,2026-05-23 14:58,career_site,0.47,medium,new,
A0445,J022,C0120,2026-03-02 11:17,referral,0.48,medium,new,
A0446,J036,C0106,2026-04-04 15:59,career_site,0.59,medium,new,
A0447,J004,C0035,2026-03-30 12:57,job_board,0.54,medium,shortlisted,2026-04-10 12:57
A0448,J027,C0104,2026-04-28 11:28,job_board,0.29,low,rejected,2026-05-04 11:28
A0449,J019,C0230,2026-03-08 18:32,referral,0.49,medium,shortlisted,2026-03-14 18:32
A0450,J013,C0112,2026-06-06 16:56,job_board,0.42,medium,in_review,2026-06-17 16:56
A0451,J022,C0031,2026-06-02 10:03,referral,0.5,medium,in_review,2026-06-05 10:03
A0452,J037,C0195,2026-03-05 12:38,career_site,0.56,medium,in_review,2026-03-14 12:38
A0453,J003,C0185,2026-03-17 17:15,career_site,0.37,low,rejected,2026-03-22 17:15
A0454,J002,C0241,2026-05-25 14:14,career_site,0.74,high,rejected,2026-06-05 14:14
A0455,J001,C0121,2026-05-10 14:30,job_board,0.39,low,shortlisted,2026-05-21 14:30
A0456,J038,C0174,2026-04-10 09:46,referral,0.52,medium,new,
A0457,J001,C0384,2026-05-09 14:10,career_site,0.55,medium,in_review,2026-05-11 14:10
A0458,J029,C0005,2026-04-09 12:06,career_site,0.81,high,new,
A0459,J026,C0004,2026-03-05 15:51,career_site,0.44,medium,in_review,2026-03-08 15:51
A0460,J030,C0186,2026-05-10 13:09,job_board,0.47,medium,new,
A0461,J031,C0241,2026-06-14 11:43,referral,0.39,low,in_review,2026-06-16 11:43
A0462,J035,C0262,2026-04-15 16:00,referral,0.81,high,new,
A0463,J002,C0016,2026-04-27 18:12,referral,0.46,medium,shortlisted,2026-05-03 18:12
A0464,J005,C0123,2026-03-05 14:33,career_site,0.35,low,shortlisted,2026-03-07 14:33
A0465,J023,C0098,2026-05-05 12:45,referral,0.54,medium,rejected,2026-05-15 12:45
A0466,J017,C0360,2026-06-19 11:04,job_board,0.25,low,shortlisted,2026-06-22 11:04
A0467,J040,C0379,2026-06-24 17:25,career_site,0.35,low,shortlisted,2026-06-25 17:25
A0468,J029,C0307,2026-05-11 16:51,career_site,0.76,high,shortlisted,2026-05-16 16:51
A0469,J003,C0324,2026-04-14 15:54,career_site,0.67,high,rejected,2026-04-28 15:54
A0470,J002,C0363,2026-04-25 12:01,job_board,0.5,medium,rejected,2026-05-02 12:01
A0471,J031,C0146,2026-05-29 14:45,job_board,0.41,low,new,
A0472,J016,C0032,2026-04-19 10:49,career_site,0.48,medium,rejected,2026-04-25 10:49
A0473,J035,C0098,2026-04-30 10:25,job_board,0.54,medium,new,
A0474,J003,C0107,2026-03-03 10:56,job_board,0.47,medium,in_review,2026-03-09 10:56
A0475,J008,C0388,2026-05-23 18:06,job_board,0.27,low,shortlisted,2026-05-29 18:06
A0476,J004,C0266,2026-04-17 13:52,referral,0.47,medium,new,
A0477,J022,C0170,2026-03-31 13:34,career_site,0.69,high,rejected,2026-04-10 13:34
A0478,J004,C0359,2026-06-17 15:42,career_site,0.11,low,rejected,2026-06-21 15:42
A0479,J019,C0010,2026-06-27 10:26,career_site,0.32,low,in_review,2026-07-01 10:26
A0480,J011,C0243,2026-06-20 10:54,career_site,0.77,high,rejected,2026-07-02 10:54
A0481,J019,C0050,2026-05-28 13:41,job_board,0.41,low,rejected,2026-05-30 13:41
A0482,J019,C0054,2026-04-22 10:52,job_board,0.3,low,shortlisted,2026-04-30 10:52
A0483,J035,C0141,2026-04-11 15:09,job_board,0.4,low,rejected,2026-04-23 15:09
A0484,J020,C0250,2026-04-15 09:15,referral,0.93,high,in_review,2026-04-27 09:15
A0485,J031,C0038,2026-03-15 09:31,referral,0.74,high,shortlisted,2026-03-25 09:31
A0486,J008,C0074,2026-06-16 13:20,career_site,0.66,high,rejected,2026-06-30 13:20
A0487,J008,C0254,2026-06-21 10:51,job_board,0.42,medium,shortlisted,2026-07-04 10:51
A0488,J025,C0128,2026-05-30 10:55,referral,0.56,medium,rejected,2026-06-04 10:55
A0489,J033,C0249,2026-05-06 13:05,job_board,0.52,medium,shortlisted,2026-05-20 13:05
A0490,J004,C0033,2026-04-09 14:57,referral,0.43,medium,shortlisted,2026-04-23 14:57
A0491,J027,C0161,2026-05-22 17:49,career_site,0.54,medium,hired,2026-05-30 17:49
A0492,J021,C0233,2026-05-26 09:48,job_board,0.3,low,new,
A0493,J008,C0226,2026-06-27 17:45,job_board,0.14,low,new,
A0494,J024,C0017,2026-04-28 16:20,referral,0.54,medium,in_review,2026-05-08 16:20
A0495,J007,C0035,2026-05-03 09:45,career_site,0.65,medium,rejected,2026-05-04 09:45
A0496,J025,C0086,2026-03-18 13:29,referral,0.37,low,shortlisted,2026-03-20 13:29
A0497,J008,C0214,2026-04-18 18:50,referral,0.64,medium,new,
A0498,J012,C0095,2026-03-16 11:18,referral,0.51,medium,rejected,2026-03-20 11:18
A0499,J035,C0293,2026-05-01 17:49,career_site,0.65,medium,new,
A0500,J032,C0111,2026-05-24 13:36,referral,0.08,low,rejected,2026-05-29 13:36
A0501,J016,C0300,2026-05-09 13:07,job_board,0.77,high,new,
A0502,J022,C0099,2026-03-06 09:40,job_board,0.47,medium,new,
A0503,J040,C0002,2026-06-18 16:44,career_site,0.54,medium,shortlisted,2026-06-22 16:44
A0504,J014,C0178,2026-05-17 11:53,career_site,0.51,medium,shortlisted,2026-05-27 11:53
A0505,J038,C0135,2026-06-30 12:15,job_board,0.5,medium,shortlisted,2026-07-02 12:15
A0506,J003,C0223,2026-04-07 10:01,job_board,0.27,low,new,
A0507,J001,C0061,2026-03-26 09:28,referral,0.67,high,hired,2026-04-01 09:28
A0508,J037,C0065,2026-06-30 12:47,job_board,0.31,low,new,
A0509,J020,C0287,2026-05-29 18:28,career_site,0.62,medium,in_review,2026-06-05 18:28
A0510,J008,C0303,2026-05-26 11:20,referral,0.52,medium,new,
A0511,J017,C0018,2026-04-21 13:31,career_site,0.59,medium,rejected,2026-04-22 13:31
A0512,J033,C0303,2026-03-12 13:25,referral,0.46,medium,rejected,2026-03-13 13:25
A0513,J038,C0187,2026-05-28 12:49,career_site,0.4,low,rejected,2026-06-09 12:49
A0514,J004,C0254,2026-04-19 11:07,career_site,0.58,medium,new,
A0515,J008,C0236,2026-03-15 13:31,job_board,0.47,medium,new,
A0516,J016,C0384,2026-05-18 17:51,career_site,0.86,high,shortlisted,2026-05-31 17:51
A0517,J001,C0051,2026-03-09 14:55,career_site,0.35,low,new,
A0518,J027,C0204,2026-04-01 18:03,job_board,0.44,medium,in_review,2026-04-12 18:03
A0519,J034,C0342,2026-05-02 12:30,job_board,0.45,medium,in_review,2026-05-08 12:30
A0520,J020,C0084,2026-06-17 16:01,job_board,0.53,medium,in_review,2026-06-24 16:01
A0521,J027,C0019,2026-06-01 16:07,job_board,0.67,high,new,
A0522,J008,C0366,2026-05-22 10:15,referral,0.21,low,in_review,2026-05-31 10:15
A0523,J002,C0234,2026-04-16 15:09,job_board,0.75,high,in_review,2026-04-21 15:09
A0524,J012,C0138,2026-06-25 12:33,referral,0.59,medium,in_review,2026-07-07 12:33
A0525,J029,C0125,2026-03-06 10:04,career_site,0.53,medium,new,
A0526,J029,C0185,2026-06-04 15:28,career_site,0.6,medium,new,
A0527,J003,C0100,2026-05-02 17:17,referral,0.46,medium,shortlisted,2026-05-07 17:17
A0528,J004,C0313,2026-06-29 15:20,career_site,0.33,low,new,
A0529,J040,C0322,2026-06-21 15:39,job_board,0.55,medium,hired,2026-07-05 15:39
A0530,J036,C0043,2026-04-24 09:32,job_board,0.43,medium,new,
A0531,J026,C0217,2026-06-09 14:32,referral,0.84,high,rejected,2026-06-23 14:32
A0532,J038,C0198,2026-06-09 18:18,job_board,0.38,low,new,
A0533,J012,C0116,2026-06-01 10:36,job_board,0.37,low,rejected,2026-06-02 10:36
A0534,J021,C0264,2026-05-04 13:56,referral,0.68,high,shortlisted,2026-05-18 13:56
A0535,J007,C0364,2026-06-04 18:56,career_site,0.38,low,rejected,2026-06-10 18:56
A0536,J033,C0349,2026-06-09 14:12,referral,0.64,medium,in_review,2026-06-16 14:12
A0537,J004,C0073,2026-04-28 12:54,career_site,0.54,medium,rejected,2026-05-04 12:54
A0538,J027,C0070,2026-04-20 11:04,job_board,0.84,high,new,
A0539,J012,C0099,2026-04-11 17:41,job_board,0.32,low,rejected,2026-04-20 17:41
A0540,J014,C0224,2026-03-04 13:08,career_site,0.76,high,rejected,2026-03-08 13:08
A0541,J002,C0037,2026-04-14 13:14,referral,0.52,medium,new,
A0542,J013,C0281,2026-05-26 18:43,career_site,0.24,low,in_review,2026-06-01 18:43
A0543,J032,C0274,2026-06-12 09:46,referral,0.37,low,new,
A0544,J036,C0041,2026-04-19 09:29,referral,0.6,medium,new,
A0545,J029,C0198,2026-05-14 16:41,job_board,0.81,high,shortlisted,2026-05-16 16:41
A0546,J019,C0258,2026-03-08 10:45,career_site,0.55,medium,new,
A0547,J024,C0020,2026-06-18 09:48,career_site,0.32,low,hired,2026-06-21 09:48
A0548,J010,C0144,2026-03-11 11:53,job_board,0.46,medium,rejected,2026-03-24 11:53
A0549,J029,C0143,2026-03-30 13:55,career_site,0.53,medium,new,
A0550,J031,C0143,2026-04-30 15:41,career_site,0.42,medium,shortlisted,2026-05-10 15:41
A0551,J015,C0153,2026-04-25 09:53,job_board,0.64,medium,in_review,2026-04-30 09:53
A0552,J010,C0081,2026-05-04 17:37,career_site,0.42,medium,rejected,2026-05-14 17:37
A0553,J040,C0064,2026-05-06 14:45,referral,0.4,low,new,
A0554,J018,C0398,2026-06-15 09:28,referral,0.39,low,in_review,2026-06-22 09:28
A0555,J036,C0098,2026-04-30 13:04,career_site,0.09,low,new,
A0556,J034,C0278,2026-06-22 16:00,job_board,0.59,medium,new,
A0557,J015,C0239,2026-03-13 12:23,job_board,0.55,medium,rejected,2026-03-24 12:23
A0558,J021,C0046,2026-03-05 15:40,referral,0.81,high,new,
A0559,J008,C0090,2026-06-13 09:03,referral,0.21,low,new,
A0560,J035,C0302,2026-04-28 11:05,career_site,0.49,medium,shortlisted,2026-04-29 11:05
A0561,J018,C0238,2026-05-03 14:08,career_site,0.37,low,new,
A0562,J005,C0381,2026-05-06 17:47,career_site,0.59,medium,in_review,2026-05-10 17:47
A0563,J030,C0210,2026-06-08 09:16,career_site,0.55,medium,shortlisted,2026-06-11 09:16
A0564,J036,C0132,2026-05-07 16:22,career_site,0.77,high,new,
A0565,J002,C0080,2026-06-26 16:37,referral,0.43,medium,new,
A0566,J013,C0014,2026-05-14 11:27,career_site,0.31,low,new,
A0567,J004,C0342,2026-05-19 14:23,referral,0.68,high,rejected,2026-05-21 14:23
A0568,J015,C0270,2026-03-13 15:19,referral,0.71,high,rejected,2026-03-22 15:19
A0569,J010,C0390,2026-05-08 13:25,career_site,0.46,medium,in_review,2026-05-09 13:25
A0570,J008,C0328,2026-05-06 13:33,job_board,0.33,low,in_review,2026-05-10 13:33
A0571,J004,C0199,2026-05-02 15:44,career_site,0.51,medium,hired,2026-05-13 15:44
A0572,J029,C0062,2026-05-08 16:00,referral,0.46,medium,shortlisted,2026-05-16 16:00
A0573,J025,C0326,2026-05-22 11:05,job_board,0.7,high,new,
A0574,J025,C0295,2026-06-14 18:33,job_board,0.54,medium,new,
A0575,J031,C0274,2026-03-25 09:55,referral,0.53,medium,rejected,2026-04-01 09:55
A0576,J034,C0342,2026-03-08 15:44,referral,0.34,low,new,
A0577,J022,C0064,2026-03-19 12:48,career_site,0.56,medium,new,
A0578,J007,C0211,2026-03-16 16:05,career_site,0.61,medium,rejected,2026-03-23 16:05
A0579,J028,C0202,2026-03-06 16:18,job_board,0.11,low,in_review,2026-03-20 16:18
A0580,J026,C0131,2026-05-23 17:15,career_site,0.4,low,new,
A0581,J014,C0345,2026-06-12 12:52,career_site,0.44,medium,in_review,2026-06-24 12:52
A0582,J034,C0252,2026-04-11 16:22,referral,0.72,high,shortlisted,2026-04-15 16:22
A0583,J033,C0187,2026-03-10 10:52,job_board,0.55,medium,rejected,2026-03-24 10:52
A0584,J021,C0145,2026-03-18 11:45,career_site,0.84,high,rejected,2026-03-21 11:45
A0585,J037,C0194,2026-04-19 17:44,referral,0.65,medium,new,
A0586,J030,C0041,2026-05-24 17:30,referral,0.58,medium,in_review,2026-06-07 17:30
A0587,J016,C0119,2026-06-23 11:33,referral,0.45,medium,new,
A0588,J012,C0050,2026-03-16 17:01,referral,0.58,medium,rejected,2026-03-22 17:01
A0589,J019,C0124,2026-04-17 18:42,career_site,0.58,medium,in_review,2026-05-01 18:42
A0590,J030,C0091,2026-05-31 13:10,job_board,0.22,low,hired,2026-06-04 13:10
A0591,J009,C0158,2026-04-29 11:09,career_site,0.52,medium,rejected,2026-05-06 11:09
A0592,J026,C0236,2026-03-08 15:52,job_board,0.44,medium,in_review,2026-03-10 15:52
A0593,J035,C0388,2026-04-18 16:38,job_board,0.55,medium,in_review,2026-04-23 16:38
A0594,J035,C0394,2026-06-28 15:45,job_board,0.65,medium,new,
A0595,J011,C0250,2026-04-02 16:19,career_site,0.35,low,rejected,2026-04-03 16:19
A0596,J018,C0038,2026-05-07 17:51,referral,0.68,high,new,
A0597,J003,C0198,2026-03-17 09:48,referral,0.47,medium,in_review,2026-03-21 09:48
A0598,J016,C0205,2026-05-23 17:17,career_site,0.13,low,in_review,2026-06-05 17:17
A0599,J038,C0105,2026-06-05 14:51,job_board,0.41,low,hired,2026-06-14 14:51
A0600,J031,C0197,2026-03-20 17:21,referral,0.61,medium,in_review,2026-03-24 17:21
A0601,J038,C0283,2026-06-19 14:45,referral,0.36,low,in_review,2026-06-30 14:45
A0602,J011,C0155,2026-06-19 14:04,referral,0.18,low,rejected,2026-06-28 14:04
A0603,J013,C0246,2026-04-04 10:40,job_board,0.61,medium,rejected,2026-04-12 10:40
A0604,J039,C0189,2026-03-22 13:17,referral,0.27,low,in_review,2026-03-28 13:17
A0605,J038,C0051,2026-03-25 16:51,job_board,0.42,medium,in_review,2026-03-30 16:51
A0606,J040,C0056,2026-04-01 11:28,career_site,0.52,medium,hired,2026-04-04 11:28
A0607,J028,C0359,2026-06-03 14:59,referral,0.31,low,shortlisted,2026-06-10 14:59
A0608,J029,C0372,2026-03-23 11:20,job_board,0.39,low,new,
A0609,J023,C0359,2026-04-21 09:54,referral,0.33,low,hired,2026-05-04 09:54
A0610,J016,C0191,2026-06-20 11:14,job_board,0.43,medium,rejected,2026-07-03 11:14
A0611,J001,C0162,2026-06-01 14:16,referral,0.4,low,in_review,2026-06-08 14:16
A0612,J035,C0306,2026-06-27 17:17,job_board,0.58,medium,in_review,2026-06-29 17:17
A0613,J023,C0190,2026-04-11 09:50,career_site,0.4,low,hired,2026-04-21 09:50
A0614,J006,C0294,2026-06-09 10:39,job_board,0.52,medium,shortlisted,2026-06-21 10:39
A0615,J017,C0200,2026-03-04 10:48,referral,0.46,medium,rejected,2026-03-07 10:48
A0616,J039,C0222,2026-04-25 10:39,job_board,0.64,medium,new,
A0617,J026,C0260,2026-04-05 11:37,referral,0.49,medium,rejected,2026-04-08 11:37
A0618,J028,C0294,2026-04-30 15:05,career_site,0.77,high,new,
A0619,J040,C0266,2026-06-07 17:37,career_site,0.15,low,shortlisted,2026-06-13 17:37
A0620,J008,C0074,2026-04-16 12:32,job_board,0.32,low,rejected,2026-04-29 12:32
A0621,J028,C0222,2026-04-23 11:00,career_site,0.23,low,shortlisted,2026-05-02 11:00
A0622,J020,C0175,2026-03-14 16:26,job_board,0.65,medium,in_review,2026-03-19 16:26
A0623,J005,C0230,2026-04-21 17:06,job_board,0.58,medium,in_review,2026-05-03 17:06
A0624,J003,C0182,2026-06-27 09:20,job_board,0.83,high,rejected,2026-07-06 09:20
A0625,J004,C0137,2026-06-12 10:26,referral,0.61,medium,rejected,2026-06-16 10:26
A0626,J040,C0132,2026-06-26 17:15,job_board,0.32,low,shortlisted,2026-07-09 17:15
A0627,J006,C0192,2026-04-01 18:33,career_site,0.5,medium,shortlisted,2026-04-04 18:33
A0628,J016,C0042,2026-03-10 10:12,job_board,0.7,high,rejected,2026-03-16 10:12
A0629,J009,C0243,2026-04-19 09:32,job_board,0.44,medium,in_review,2026-04-22 09:32
A0630,J010,C0286,2026-04-17 16:53,referral,0.12,low,new,
A0631,J023,C0382,2026-06-17 18:36,job_board,0.51,medium,in_review,2026-06-23 18:36
A0632,J013,C0154,2026-03-07 14:00,career_site,0.42,medium,in_review,2026-03-11 14:00
A0633,J040,C0034,2026-04-05 18:32,career_site,0.27,low,new,
A0634,J013,C0257,2026-06-07 09:53,career_site,0.26,low,new,
A0635,J006,C0042,2026-03-29 09:44,referral,0.64,medium,hired,2026-04-04 09:44
A0636,J010,C0015,2026-03-21 16:15,career_site,0.35,low,shortlisted,2026-03-28 16:15
A0637,J003,C0241,2026-05-07 11:52,career_site,0.49,medium,shortlisted,2026-05-18 11:52
A0638,J016,C0265,2026-05-13 13:59,job_board,0.68,high,new,
A0639,J027,C0108,2026-04-26 13:33,career_site,0.37,low,rejected,2026-05-04 13:33
A0640,J036,C0271,2026-05-15 12:46,career_site,0.5,medium,rejected,2026-05-18 12:46
A0641,J002,C0005,2026-06-07 18:38,referral,0.27,low,rejected,2026-06-17 18:38
A0642,J024,C0367,2026-04-23 18:57,job_board,0.42,medium,in_review,2026-04-24 18:57
A0643,J008,C0071,2026-03-02 17:44,referral,0.36,low,shortlisted,2026-03-12 17:44
A0644,J024,C0344,2026-04-16 16:23,job_board,0.42,medium,rejected,2026-04-28 16:23
A0645,J017,C0331,2026-04-23 15:23,referral,0.49,medium,shortlisted,2026-05-01 15:23
A0646,J002,C0021,2026-06-08 10:56,referral,0.18,low,shortlisted,2026-06-09 10:56
A0647,J005,C0241,2026-05-13 13:57,job_board,0.37,low,shortlisted,2026-05-26 13:57
A0648,J002,C0137,2026-05-22 17:52,referral,0.48,medium,rejected,2026-05-31 17:52
A0649,J002,C0115,2026-05-07 16:12,referral,0.08,low,shortlisted,2026-05-21 16:12
A0650,J014,C0348,2026-06-09 12:38,job_board,0.86,high,new,
A0651,J028,C0325,2026-04-19 16:18,referral,0.68,high,shortlisted,2026-05-03 16:18
A0652,J016,C0351,2026-05-16 18:07,career_site,0.6,medium,hired,2026-05-30 18:07
A0653,J020,C0256,2026-06-26 18:03,career_site,0.66,high,in_review,2026-07-04 18:03
A0654,J015,C0335,2026-04-11 15:38,career_site,0.2,low,new,
A0655,J001,C0325,2026-06-26 10:16,job_board,0.38,low,in_review,2026-07-04 10:16
A0656,J023,C0335,2026-04-05 17:32,career_site,0.5,medium,in_review,2026-04-12 17:32
A0657,J017,C0030,2026-06-14 12:57,job_board,0.68,high,new,
A0658,J027,C0295,2026-05-18 10:14,referral,0.34,low,rejected,2026-05-31 10:14
A0659,J008,C0005,2026-03-02 11:56,career_site,0.86,high,new,
A0660,J001,C0327,2026-03-30 12:25,referral,0.47,medium,rejected,2026-04-12 12:25
A0661,J030,C0036,2026-04-10 12:41,job_board,0.71,high,in_review,2026-04-11 12:41
A0662,J008,C0383,2026-05-18 17:21,career_site,0.47,medium,new,
A0663,J017,C0161,2026-03-30 12:21,job_board,0.62,medium,rejected,2026-04-07 12:21
A0664,J039,C0219,2026-06-16 10:26,job_board,0.46,medium,new,
A0665,J040,C0097,2026-05-05 16:19,job_board,0.56,medium,new,
A0666,J028,C0060,2026-05-23 16:44,job_board,0.63,medium,hired,2026-06-01 16:44
A0667,J001,C0320,2026-05-03 09:01,referral,0.67,high,rejected,2026-05-07 09:01
A0668,J034,C0183,2026-04-16 16:47,job_board,0.65,medium,new,
A0669,J034,C0393,2026-03-30 18:05,career_site,0.21,low,rejected,2026-04-03 18:05
A0670,J022,C0123,2026-05-13 10:40,job_board,0.59,medium,shortlisted,2026-05-17 10:40
A0671,J033,C0277,2026-06-15 13:31,referral,0.46,medium,in_review,2026-06-26 13:31
A0672,J024,C0165,2026-03-04 15:47,referral,0.31,low,hired,2026-03-09 15:47
A0673,J018,C0333,2026-06-04 10:19,referral,0.56,medium,new,
A0674,J019,C0321,2026-04-02 13:51,referral,0.5,medium,rejected,2026-04-06 13:51
A0675,J030,C0022,2026-06-23 10:58,referral,0.3,low,shortlisted,2026-07-02 10:58
A0676,J018,C0252,2026-06-29 09:43,job_board,0.79,high,in_review,2026-07-05 09:43
A0677,J011,C0190,2026-05-06 18:43,job_board,0.59,medium,in_review,2026-05-14 18:43
A0678,J016,C0127,2026-03-11 09:45,career_site,0.22,low,in_review,2026-03-17 09:45
A0679,J004,C0123,2026-06-01 10:29,job_board,0.52,medium,new,
A0680,J032,C0023,2026-04-17 11:15,job_board,0.54,medium,shortlisted,2026-04-18 11:15
A0681,J026,C0209,2026-04-03 10:52,career_site,0.56,medium,new,
A0682,J040,C0276,2026-06-07 11:18,referral,0.48,medium,shortlisted,2026-06-08 11:18
A0683,J008,C0085,2026-05-29 15:32,referral,0.76,high,new,
A0684,J038,C0143,2026-04-18 17:43,job_board,0.67,high,shortlisted,2026-05-01 17:43
A0685,J018,C0076,2026-05-22 14:53,career_site,0.54,medium,new,
A0686,J021,C0006,2026-05-01 14:52,career_site,0.23,low,in_review,2026-05-13 14:52
A0687,J032,C0323,2026-04-25 14:12,referral,0.59,medium,in_review,2026-05-02 14:12
A0688,J016,C0045,2026-05-27 10:30,job_board,0.64,medium,in_review,2026-06-06 10:30
A0689,J019,C0368,2026-04-19 18:51,referral,0.35,low,shortlisted,2026-05-02 18:51
A0690,J012,C0261,2026-03-21 15:47,career_site,0.23,low,shortlisted,2026-03-26 15:47
A0691,J026,C0228,2026-05-28 14:43,career_site,0.63,medium,new,
A0692,J035,C0224,2026-03-24 09:14,career_site,0.26,low,rejected,2026-04-05 09:14
A0693,J034,C0162,2026-03-06 11:31,career_site,0.4,low,rejected,2026-03-20 11:31
A0694,J024,C0160,2026-03-13 09:11,job_board,0.37,low,rejected,2026-03-25 09:11
A0695,J002,C0172,2026-06-21 12:19,referral,0.39,low,shortlisted,2026-07-02 12:19
A0696,J007,C0213,2026-04-21 12:32,career_site,0.62,medium,rejected,2026-04-27 12:32
A0697,J007,C0071,2026-04-03 17:15,career_site,0.53,medium,in_review,2026-04-15 17:15
A0698,J035,C0157,2026-04-16 11:24,referral,0.39,low,rejected,2026-04-25 11:24
A0699,J026,C0229,2026-05-09 12:47,referral,0.28,low,new,
A0700,J023,C0168,2026-06-13 15:20,job_board,0.29,low,new,
A0701,J038,C0330,2026-05-30 16:39,career_site,0.41,low,rejected,2026-06-07 16:39
A0702,J017,C0234,2026-05-19 15:48,job_board,0.28,low,rejected,2026-06-01 15:48
A0703,J039,C0381,2026-05-17 13:41,job_board,0.41,low,shortlisted,2026-05-24 13:41
A0704,J024,C0254,2026-03-29 13:43,career_site,0.71,high,rejected,2026-04-06 13:43
A0705,J014,C0111,2026-06-12 11:59,career_site,0.64,medium,new,
A0706,J029,C0363,2026-05-27 12:32,referral,0.73,high,in_review,2026-06-02 12:32
A0707,J022,C0151,2026-03-09 10:13,referral,0.34,low,in_review,2026-03-20 10:13
A0708,J017,C0336,2026-05-29 11:30,referral,0.51,medium,rejected,2026-05-30 11:30
A0709,J011,C0059,2026-06-04 18:13,referral,0.48,medium,shortlisted,2026-06-17 18:13
A0710,J029,C0210,2026-04-29 14:02,job_board,0.39,low,rejected,2026-05-10 14:02
A0711,J005,C0049,2026-05-07 11:36,career_site,0.75,high,rejected,2026-05-15 11:36
A0712,J021,C0185,2026-05-08 10:54,job_board,0.36,low,rejected,2026-05-22 10:54
A0713,J040,C0202,2026-06-16 13:36,job_board,0.54,medium,in_review,2026-06-18 13:36
A0714,J011,C0026,2026-03-10 16:46,job_board,0.33,low,new,
A0715,J011,C0059,2026-05-01 09:59,referral,0.79,high,in_review,2026-05-14 09:59
A0716,J030,C0229,2026-04-17 10:58,career_site,0.75,high,new,
A0717,J010,C0022,2026-04-05 11:48,career_site,0.32,low,new,
A0718,J022,C0079,2026-04-28 12:37,career_site,0.47,medium,new,
A0719,J032,C0288,2026-03-09 10:31,job_board,0.62,medium,new,
A0720,J026,C0063,2026-06-17 13:11,referral,0.43,medium,new,
A0721,J017,C0128,2026-03-14 15:00,career_site,0.61,medium,in_review,2026-03-15 15:00
A0722,J016,C0088,2026-06-26 17:06,referral,0.38,low,in_review,2026-07-07 17:06
A0723,J029,C0050,2026-03-27 11:48,career_site,0.53,medium,in_review,2026-04-06 11:48
A0724,J025,C0239,2026-05-11 10:41,referral,0.47,medium,new,
A0725,J028,C0260,2026-06-22 13:41,job_board,0.46,medium,new,
A0726,J014,C0135,2026-05-07 13:21,career_site,0.34,low,new,
A0727,J027,C0302,2026-04-04 13:27,job_board,0.6,medium,hired,2026-04-12 13:27
A0728,J014,C0236,2026-06-08 10:21,career_site,0.58,medium,rejected,2026-06-11 10:21
A0729,J005,C0032,2026-04-25 13:58,career_site,0.39,low,in_review,2026-05-07 13:58
A0730,J005,C0229,2026-06-02 15:44,job_board,0.42,medium,in_review,2026-06-08 15:44
A0731,J030,C0055,2026-05-13 15:19,career_site,0.44,medium,in_review,2026-05-20 15:19
A0732,J036,C0052,2026-03-16 09:59,referral,0.39,low,rejected,2026-03-18 09:59
A0733,J008,C0340,2026-06-29 16:57,career_site,0.56,medium,shortlisted,2026-07-06 16:57
A0734,J005,C0236,2026-05-09 15:47,career_site,0.23,low,shortlisted,2026-05-21 15:47
A0735,J007,C0271,2026-04-29 16:57,job_board,0.3,low,in_review,2026-05-04 16:57
A0736,J009,C0347,2026-05-15 14:17,job_board,0.6,medium,rejected,2026-05-20 14:17
A0737,J009,C0006,2026-06-26 15:11,career_site,0.69,high,rejected,2026-07-09 15:11
A0738,J010,C0126,2026-06-10 11:14,referral,0.75,high,new,
A0739,J025,C0124,2026-03-09 11:35,job_board,0.61,medium,new,
A0740,J009,C0242,2026-05-10 12:49,career_site,0.28,low,in_review,2026-05-17 12:49
A0741,J037,C0395,2026-04-04 14:24,job_board,0.48,medium,new,
A0742,J004,C0222,2026-03-06 13:41,referral,0.25,low,new,
A0743,J033,C0140,2026-03-20 12:32,job_board,0.34,low,new,
A0744,J030,C0394,2026-04-05 14:21,job_board,0.33,low,shortlisted,2026-04-11 14:21
A0745,J015,C0031,2026-03-04 14:39,referral,0.54,medium,rejected,2026-03-12 14:39
A0746,J029,C0398,2026-03-20 10:16,referral,0.39,low,shortlisted,2026-03-25 10:16
A0747,J035,C0355,2026-03-13 11:14,job_board,0.8,high,in_review,2026-03-22 11:14
A0748,J025,C0018,2026-03-14 17:01,job_board,0.68,high,rejected,2026-03-18 17:01
A0749,J013,C0340,2026-03-20 16:11,referral,0.39,low,in_review,2026-04-01 16:11
A0750,J021,C0346,2026-04-15 17:06,referral,0.34,low,new,
A0751,J022,C0071,2026-05-14 15:35,referral,0.46,medium,shortlisted,2026-05-17 15:35
A0752,J025,C0131,2026-04-21 12:55,job_board,0.59,medium,shortlisted,2026-04-26 12:55
A0753,J024,C0318,2026-06-20 18:28,referral,0.43,medium,in_review,2026-06-27 18:28
A0754,J024,C0067,2026-06-06 10:06,job_board,0.57,medium,rejected,2026-06-15 10:06
A0755,J027,C0250,2026-03-30 09:04,referral,0.22,low,rejected,2026-04-10 09:04
A0756,J012,C0318,2026-05-19 17:32,job_board,0.53,medium,new,
A0757,J016,C0319,2026-06-24 10:54,referral,0.82,high,new,
A0758,J025,C0280,2026-03-23 10:42,job_board,0.44,medium,shortlisted,2026-04-01 10:42
A0759,J005,C0096,2026-06-01 10:31,career_site,0.32,low,rejected,2026-06-08 10:31
A0760,J015,C0185,2026-04-27 09:25,career_site,0.65,medium,new,
A0761,J004,C0174,2026-06-10 15:45,referral,0.66,high,in_review,2026-06-24 15:45
A0762,J011,C0004,2026-03-18 12:57,job_board,0.38,low,shortlisted,2026-03-24 12:57
A0763,J032,C0392,2026-06-16 16:17,referral,0.86,high,rejected,2026-06-24 16:17
A0764,J012,C0139,2026-03-24 12:45,career_site,0.55,medium,hired,2026-03-29 12:45
A0765,J004,C0249,2026-05-29 15:51,job_board,0.55,medium,shortlisted,2026-06-03 15:51
A0766,J023,C0261,2026-06-04 14:53,job_board,0.46,medium,new,
A0767,J038,C0123,2026-04-17 13:37,career_site,0.41,low,new,
A0768,J032,C0395,2026-06-22 18:01,job_board,0.34,low,new,
A0769,J017,C0328,2026-04-15 14:19,job_board,0.54,medium,in_review,2026-04-20 14:19
A0770,J038,C0015,2026-03-13 13:19,career_site,0.3,low,hired,2026-03-24 13:19
A0771,J002,C0043,2026-04-16 17:07,job_board,0.44,medium,in_review,2026-04-22 17:07
A0772,J002,C0012,2026-03-20 13:41,career_site,0.49,medium,new,
A0773,J025,C0123,2026-04-13 12:43,referral,0.37,low,rejected,2026-04-20 12:43
A0774,J014,C0189,2026-03-06 09:58,referral,0.4,low,in_review,2026-03-15 09:58
A0775,J037,C0263,2026-03-27 15:07,referral,0.45,medium,rejected,2026-04-07 15:07
A0776,J026,C0318,2026-04-18 09:16,job_board,0.49,medium,in_review,2026-04-28 09:16
A0777,J002,C0280,2026-04-09 09:21,career_site,0.29,low,new,
A0778,J038,C0238,2026-05-02 17:48,job_board,0.45,medium,shortlisted,2026-05-15 17:48
A0779,J015,C0289,2026-04-15 10:35,career_site,0.58,medium,new,
A0780,J009,C0385,2026-05-11 18:10,referral,0.36,low,hired,2026-05-14 18:10
A0781,J036,C0228,2026-04-08 15:18,referral,0.51,medium,new,
A0782,J004,C0001,2026-06-14 16:41,referral,0.62,medium,rejected,2026-06-28 16:41
A0783,J030,C0254,2026-06-21 18:34,job_board,0.67,high,new,
A0784,J039,C0215,2026-03-13 17:32,job_board,0.26,low,new,
A0785,J035,C0208,2026-04-04 14:59,career_site,0.5,medium,hired,2026-04-11 14:59
A0786,J037,C0196,2026-05-07 13:23,referral,0.57,medium,new,
A0787,J024,C0054,2026-06-17 11:14,job_board,0.48,medium,new,
A0788,J001,C0384,2026-04-27 12:05,referral,0.94,high,in_review,2026-05-04 12:05
A0789,J006,C0162,2026-03-23 17:28,referral,0.22,low,in_review,2026-04-06 17:28
A0790,J030,C0063,2026-03-02 14:15,referral,0.48,medium,new,
A0791,J008,C0137,2026-03-23 10:30,job_board,0.56,medium,new,
A0792,J035,C0004,2026-03-05 11:28,referral,0.49,medium,new,
A0793,J010,C0299,2026-05-08 11:29,career_site,0.61,medium,rejected,2026-05-15 11:29
A0794,J034,C0225,2026-05-10 14:05,job_board,0.6,medium,shortlisted,2026-05-24 14:05
A0795,J023,C0282,2026-06-27 17:36,career_site,0.47,medium,shortlisted,2026-07-11 17:36
A0796,J002,C0380,2026-05-16 13:40,referral,0.58,medium,rejected,2026-05-26 13:40
A0797,J019,C0030,2026-06-25 16:30,job_board,0.37,low,in_review,2026-06-28 16:30
A0798,J022,C0319,2026-03-12 11:20,job_board,0.59,medium,new,
A0799,J036,C0353,2026-03-21 15:26,job_board,0.5,medium,rejected,2026-04-03 15:26
A0800,J027,C0341,2026-03-14 13:57,referral,0.56,medium,in_review,2026-03-23 13:57
A0801,J007,C0225,2026-06-19 16:15,job_board,0.76,high,in_review,2026-06-25 16:15
A0802,J014,C0217,2026-06-14 18:59,job_board,0.55,medium,new,
A0803,J014,C0376,2026-04-13 09:23,referral,0.44,medium,new,
A0804,J035,C0297,2026-03-22 09:25,career_site,0.35,low,new,
A0805,J033,C0070,2026-06-12 18:47,referral,0.73,high,in_review,2026-06-23 18:47
A0806,J019,C0324,2026-04-02 17:34,referral,0.35,low,hired,2026-04-16 17:34
A0807,J036,C0141,2026-06-01 18:19,referral,0.47,medium,new,
A0808,J036,C0282,2026-03-11 16:40,career_site,0.31,low,new,
A0809,J019,C0035,2026-05-04 11:51,referral,0.34,low,new,
A0810,J015,C0112,2026-06-15 17:49,referral,0.35,low,shortlisted,2026-06-21 17:49
A0811,J016,C0329,2026-05-03 16:00,referral,0.63,medium,new,
A0812,J032,C0153,2026-05-30 16:04,career_site,0.49,medium,rejected,2026-06-11 16:04
A0813,J033,C0060,2026-06-26 11:56,job_board,0.58,medium,rejected,2026-07-04 11:56
A0814,J036,C0011,2026-04-23 18:51,referral,0.52,medium,in_review,2026-04-27 18:51
A0815,J036,C0122,2026-03-10 12:01,job_board,0.85,high,new,
A0816,J016,C0035,2026-05-31 13:29,job_board,0.5,medium,new,
A0817,J014,C0058,2026-06-28 15:36,career_site,0.51,medium,new,
A0818,J004,C0152,2026-04-22 09:49,job_board,0.46,medium,new,
A0819,J021,C0131,2026-05-25 16:59,referral,0.29,low,shortlisted,2026-05-31 16:59
A0820,J035,C0286,2026-05-25 18:27,referral,0.41,low,in_review,2026-06-07 18:27
A0821,J015,C0196,2026-04-14 16:05,referral,0.49,medium,shortlisted,2026-04-26 16:05
A0822,J036,C0006,2026-04-19 16:49,referral,0.44,medium,in_review,2026-04-23 16:49
A0823,J017,C0119,2026-06-06 16:50,job_board,0.33,low,new,
A0824,J028,C0325,2026-05-28 10:40,referral,0.47,medium,shortlisted,2026-06-09 10:40
A0825,J027,C0101,2026-04-23 18:38,job_board,0.64,medium,hired,2026-04-25 18:38
A0826,J007,C0005,2026-05-04 11:52,referral,0.26,low,rejected,2026-05-17 11:52
A0827,J022,C0138,2026-03-17 09:59,career_site,0.75,high,in_review,2026-03-26 09:59
A0828,J030,C0377,2026-04-24 09:45,career_site,0.63,medium,in_review,2026-05-02 09:45
A0829,J033,C0274,2026-03-24 18:47,job_board,0.37,low,rejected,2026-04-02 18:47
A0830,J009,C0113,2026-05-24 09:55,job_board,0.43,medium,new,
A0831,J004,C0041,2026-04-29 13:44,referral,0.47,medium,in_review,2026-05-09 13:44
A0832,J032,C0183,2026-04-15 09:42,job_board,0.67,high,new,
A0833,J009,C0295,2026-04-05 15:39,job_board,0.51,medium,new,
A0834,J013,C0044,2026-05-18 13:53,job_board,0.3,low,new,
A0835,J012,C0009,2026-03-21 18:50,job_board,0.76,high,new,
A0836,J004,C0341,2026-06-28 16:34,job_board,0.49,medium,rejected,2026-07-09 16:34
A0837,J003,C0178,2026-04-25 18:41,career_site,0.34,low,in_review,2026-05-09 18:41
A0838,J037,C0236,2026-04-06 10:21,career_site,0.64,medium,rejected,2026-04-16 10:21
A0839,J007,C0275,2026-06-01 09:16,referral,0.49,medium,in_review,2026-06-02 09:16
A0840,J018,C0230,2026-05-19 11:59,referral,0.6,medium,new,
A0841,J005,C0165,2026-04-15 13:55,career_site,0.39,low,rejected,2026-04-23 13:55
A0842,J021,C0306,2026-05-25 11:30,career_site,0.42,medium,in_review,2026-06-03 11:30
A0843,J004,C0323,2026-06-29 16:08,referral,0.38,low,in_review,2026-07-06 16:08
A0844,J010,C0303,2026-05-12 17:34,job_board,0.43,medium,in_review,2026-05-21 17:34
A0845,J009,C0047,2026-06-29 09:13,referral,0.57,medium,new,
A0846,J011,C0149,2026-03-22 12:28,referral,0.58,medium,rejected,2026-03-30 12:28
A0847,J023,C0237,2026-04-16 11:09,job_board,0.51,medium,rejected,2026-04-22 11:09
A0848,J018,C0082,2026-04-07 13:36,job_board,0.45,medium,hired,2026-04-18 13:36
A0849,J007,C0002,2026-05-04 15:05,job_board,0.47,medium,new,
A0850,J003,C0260,2026-04-26 10:38,career_site,0.53,medium,new,
A0851,J008,C0312,2026-04-09 17:29,career_site,0.63,medium,in_review,2026-04-23 17:29
A0852,J013,C0074,2026-05-26 18:40,referral,0.83,high,in_review,2026-06-02 18:40
A0853,J025,C0243,2026-04-04 15:59,career_site,0.42,medium,new,
A0854,J012,C0104,2026-04-06 18:57,referral,0.39,low,new,
A0855,J021,C0129,2026-03-07 11:08,referral,0.29,low,shortlisted,2026-03-20 11:08
A0856,J020,C0221,2026-06-06 09:47,job_board,0.57,medium,new,
A0857,J031,C0243,2026-04-08 16:09,referral,0.41,low,new,
A0858,J038,C0168,2026-03-14 11:23,career_site,0.62,medium,hired,2026-03-17 11:23
A0859,J010,C0373,2026-04-21 17:40,career_site,0.43,medium,in_review,2026-05-05 17:40
A0860,J015,C0116,2026-04-01 16:48,job_board,0.4,low,in_review,2026-04-15 16:48
A0861,J032,C0079,2026-03-26 15:31,job_board,0.35,low,rejected,2026-04-04 15:31
A0862,J021,C0312,2026-04-07 10:28,job_board,0.66,high,rejected,2026-04-17 10:28
A0863,J039,C0071,2026-04-25 15:23,job_board,0.51,medium,rejected,2026-04-30 15:23
A0864,J034,C0373,2026-04-17 13:33,job_board,0.38,low,in_review,2026-04-20 13:33
A0865,J031,C0352,2026-05-17 18:27,job_board,0.59,medium,new,
A0866,J008,C0040,2026-06-29 15:28,career_site,0.8,high,in_review,2026-07-13 15:28
A0867,J032,C0296,2026-06-19 13:00,job_board,0.51,medium,in_review,2026-06-30 13:00
A0868,J028,C0398,2026-04-09 12:50,job_board,0.29,low,in_review,2026-04-18 12:50
A0869,J039,C0149,2026-04-28 18:30,job_board,0.47,medium,in_review,2026-04-29 18:30
A0870,J018,C0242,2026-06-28 15:42,job_board,0.26,low,new,
A0871,J034,C0170,2026-03-14 14:46,job_board,0.77,high,new,
A0872,J002,C0106,2026-03-08 15:37,career_site,0.44,medium,shortlisted,2026-03-19 15:37
A0873,J010,C0015,2026-04-05 11:11,referral,0.44,medium,new,
A0874,J026,C0325,2026-03-31 09:58,job_board,0.52,medium,hired,2026-04-11 09:58
A0875,J035,C0350,2026-03-21 11:47,career_site,0.6,medium,rejected,2026-03-23 11:47
A0876,J040,C0251,2026-03-03 13:00,job_board,0.53,medium,in_review,2026-03-07 13:00
A0877,J023,C0045,2026-04-30 09:59,referral,0.31,low,in_review,2026-05-09 09:59
A0878,J039,C0146,2026-03-04 17:17,job_board,0.19,low,rejected,2026-03-17 17:17
A0879,J026,C0086,2026-06-27 18:45,job_board,0.27,low,hired,2026-07-11 18:45
A0880,J033,C0140,2026-03-29 13:10,referral,0.57,medium,shortlisted,2026-04-11 13:10
A0881,J006,C0319,2026-05-16 11:35,career_site,0.68,high,shortlisted,2026-05-18 11:35
A0882,J005,C0362,2026-05-04 10:21,referral,0.56,medium,shortlisted,2026-05-08 10:21
A0883,J024,C0365,2026-05-29 10:09,career_site,0.54,medium,new,
A0884,J034,C0374,2026-06-08 10:50,referral,0.81,high,new,
A0885,J008,C0087,2026-05-16 14:12,career_site,0.53,medium,new,
A0886,J020,C0045,2026-05-17 16:10,referral,0.21,low,shortlisted,2026-05-28 16:10
A0887,J027,C0098,2026-04-21 14:44,career_site,0.5,medium,rejected,2026-04-26 14:44
A0888,J024,C0008,2026-04-16 16:36,referral,0.58,medium,shortlisted,2026-04-30 16:36
A0889,J003,C0387,2026-06-30 15:15,referral,0.36,low,in_review,2026-07-06 15:15
A0890,J028,C0236,2026-06-17 17:40,referral,0.52,medium,new,
A0891,J013,C0257,2026-06-18 12:50,job_board,0.53,medium,rejected,2026-06-25 12:50
A0892,J035,C0137,2026-03-21 13:01,career_site,0.26,low,rejected,2026-03-28 13:01
A0893,J029,C0221,2026-06-18 18:04,career_site,0.34,low,in_review,2026-07-01 18:04
A0894,J017,C0339,2026-06-24 09:28,career_site,0.5,medium,in_review,2026-06-30 09:28
A0895,J017,C0015,2026-04-26 17:59,job_board,0.46,medium,new,
A0896,J020,C0270,2026-04-14 13:19,career_site,0.72,high,new,
A0897,J009,C0227,2026-03-17 12:35,job_board,0.5,medium,in_review,2026-03-31 12:35
A0898,J014,C0330,2026-06-21 16:37,career_site,0.53,medium,in_review,2026-07-01 16:37
A0899,J024,C0010,2026-03-29 14:28,career_site,0.48,medium,hired,2026-04-06 14:28
A0900,J008,C0217,2026-06-29 11:42,referral,0.6,medium,rejected,2026-06-30 11:42
