candidate_id,full_name,email,country,city,years_experience,preferred_job_family
C0001,Lukas Weber,lukas.weber1@example.com,DE,Leipzig,7,Manufacturing
C0002,Clara Becker,clara.becker2@example.com,AT,Vienna,11,Office & Admin
C0003,Paul Pichler,paul.pichler3@example.com,DE,Berlin,12,Logistics
C0004,Paul Koch,paul.koch4@example.com,DE,Leipzig,1,Healthcare
C0005,Eva Wolf,eva.wolf5@example.com,AT,Linz,4,Manufacturing
C0006,Marie Leitner,marie.leitner6@example.com,DE,Leipzig,1,IT
C0007,Philipp Huber,philipp.huber7@example.com,DE,Hamburg,4,Logistics
C0008,Ines Fischer,ines.fischer8@example.com,AT,Innsbruck,1,IT
C0009,Elias Lange,elias.lange9@example.com,AT,Vienna,5,Manufacturing
C0010,Nora Becker,nora.becker10@example.com,DE,Frankfurt,12,Logistics
C0011,Noah Meyer,noah.meyer11@example.com,DE,Munich,4,IT
C0012,Noah Wolf,noah.wolf12@example.com,DE,Munich,6,Office & Admin
C0013,Mia Gruber,mia.gruber13@example.com,DE,Berlin,4,IT
C0014,Nora Berger,nora.berger14@example.com,DE,Hamburg,15,Manufacturing
C0015,Simon Novak,simon.novak15@example.com,AT,Graz,2,Logistics
C0016,Leon Hoffmann,leon.hoffmann16@example.com,DE,Munich,2,IT
C0017,Jonas Fuchs,jonas.fuchs17@example.com,AT,Salzburg,6,Manufacturing
C0018,Emma Winkler,emma.winkler18@example.com,DE,Berlin,8,Logistics
C0019,Emma Braun,emma.braun19@example.com,DE,Frankfurt,3,Manufacturing
C0020,Emma Gruber,emma.gruber20@example.com,DE,Cologne,10,IT
C0021,Sarah Berger,sarah.berger21@example.com,AT,Salzburg,10,IT
C0022,Katharina Mueller,katharina.mueller22@example.com,DE,Berlin,5,Office & Admin
C0023,Daniel Becker,daniel.becker23@example.com,AT,Vienna,0,Manufacturing
C0024,Michael Berger,michael.berger24@example.com,AT,Vienna,4,Healthcare
C0025,Anna Mueller,anna.mueller25@example.com,DE,Munich,6,Healthcare
C0026,Jakob Gruber,jakob.gruber26@example.com,DE,Leipzig,2,Logistics
C0027,Elias Gruber,elias.gruber27@example.com,DE,Cologne,7,Logistics
C0028,Julia Wimmer,julia.wimmer28@example.com,DE,Leipzig,5,Manufacturing
C0029,Leon Fuchs,leon.fuchs29@example.com,DE,Leipzig,7,IT
C0030,Markus Wimmer,markus.wimmer30@example.com,DE,Hamburg,10,Logistics
C0031,Lena Fischer,lena.fischer31@example.com,AT,Vienna,0,Office & Admin
C0032,Lukas Mueller,lukas.mueller32@example.com,AT,Graz,7,Office & Admin
C0033,Nora Lange,nora.lange33@example.com,DE,Leipzig,0,IT
C0034,Laura Gruber,laura.gruber34@example.com,DE,Frankfurt,6,IT
C0035,Mia Steiner,mia.steiner35@example.com,AT,Graz,2,Healthcare
C0036,Elias Moser,elias.moser36@example.com,AT,Graz,0,Manufacturing
C0037,Laura Berger,laura.berger37@example.com,AT,Salzburg,4,Manufacturing
C0038,Jakob Gruber,jakob.gruber38@example.com,DE,Berlin,4,Office & Admin
C0039,Noah Gruber,noah.gruber39@example.com,DE,Berlin,9,Manufacturing
C0040,Andreas Schmidt,andreas.schmidt40@example.com,DE,Munich,1,IT
C0041,Noah Bauer,noah.bauer41@example.com,DE,Berlin,8,Office & Admin
C0042,Lukas Weber,lukas.weber42@example.com,DE,Frankfurt,2,Logistics
C0043,Andreas Moser,andreas.moser43@example.com,DE,Leipzig,7,Logistics
C0044,Eva Wagner,eva.wagner44@example.com,AT,Innsbruck,0,IT
C0045,Mia Wolf,mia.wolf45@example.com,AT,Vienna,9,Logistics
C0046,Emma Richter,emma.richter46@example.com,AT,Graz,4,Office & Admin
C0047,Sarah Mueller,sarah.mueller47@example.com,AT,Graz,0,Healthcare
C0048,Anna Richter,anna.richter48@example.com,DE,Hamburg,7,IT
C0049,Anna Werner,anna.werner49@example.com,AT,Graz,2,Logistics
C0050,Fabian Moser,fabian.moser50@example.com,AT,Salzburg,2,Office & Admin
C0051,Ines Wagner,ines.wagner51@example.com,AT,Salzburg,2,Healthcare
C0052,Lena Mueller,lena.mueller52@example.com,AT,Graz,12,IT
C0053,Hanna Schmidt,hanna.schmidt53@example.com,DE,Berlin,1,Logistics
C0054,Eva Wagner,eva.wagner54@example.com,DE,Munich,0,Manufacturing
C0055,Katharina Bauer,katharina.bauer55@example.com,DE,Hamburg,7,Healthcare
C0056,Lukas Lange,lukas.lange56@example.com,AT,Innsbruck,7,Healthcare
C0057,Fabian Fuchs,fabian.fuchs57@example.com,DE,Berlin,3,IT
C0058,Ines Braun,ines.braun58@example.com,DE,Frankfurt,3,IT
C0059,Stefan Neumann,stefan.neumann59@example.com,DE,Leipzig,9,Healthcare
C0060,Clara Mueller,clara.mueller60@example.com,AT,Graz,8,Manufacturing
C0061,Laura Hoffmann,laura.hoffmann61@example.com,AT,Innsbruck,9,Logistics
C0062,Mia Lange,mia.lange62@example.com,DE,Hamburg,7,Logistics
C0063,Anna Becker,anna.becker63@example.com,DE,Berlin,1,Office & Admin
C0064,Elias Novak,elias.novak64@example.com,AT,Innsbruck,11,Logistics
C0065,Nora Meyer,nora.meyer65@example.com,AT,Innsbruck,8,Logistics
C0066,Markus Wagner,markus.wagner66@example.com,AT,Graz,7,Logistics
C0067,Sofia Novak,sofia.novak67@example.com,DE,Munich,2,Manufacturing
C0068,Fabian Moser,fabian.moser68@example.com,DE,Berlin,6,Manufacturing
C0069,Daniel Schneider,daniel.schneider69@example.com,AT,Graz,7,Healthcare
C0070,Felix Fischer,felix.fischer70@example.com,AT,Innsbruck,6,Manufacturing
C0071,Nina Pichler,nina.pichler71@example.com,DE,Hamburg,5,Healthcare
C0072,Simon Weber,simon.weber72@example.com,AT,Graz,6,Logistics
C0073,Martin Braun,martin.braun73@example.com,DE,Berlin,9,Logistics
C0074,Noah Becker,noah.becker74@example.com,DE,Berlin,4,Healthcare
C0075,Mia Braun,mia.braun75@example.com,AT,Linz,2,Manufacturing
C0076,Ines Becker,ines.becker76@example.com,DE,Munich,9,Healthcare
C0077,Jonas Wimmer,jonas.wimmer77@example.com,AT,Salzburg,7,Office & Admin
C0078,Petra Weber,petra.weber78@example.com,DE,Cologne,12,Healthcare
C0079,Andreas Schaefer,andreas.schaefer79@example.com,DE,Munich,3,Manufacturing
C0080,Sofia Braun,sofia.braun80@example.com,DE,Frankfurt,0,IT
C0081,Laura Novak,laura.novak81@example.com,DE,Berlin,5,Logistics
C0082,Andreas Braun,andreas.braun82@example.com,AT,Innsbruck,8,Manufacturing
C0083,Sarah Fuchs,sarah.fuchs83@example.com,DE,Frankfurt,10,Office & Admin
C0084,Philipp Koch,philipp.koch84@example.com,DE,Berlin,3,Office & Admin
C0085,Anna Fuchs,anna.fuchs85@example.com,DE,Leipzig,8,IT
C0086,Anna Hoffmann,anna.hoffmann86@example.com,DE,Leipzig,4,Logistics
C0087,Leon Schmidt,leon.schmidt87@example.com,AT,Linz,4,Healthcare
C0088,Michael Novak,michael.novak88@example.com,AT,Innsbruck,8,Healthcare
C0089,Laura Berger,laura.berger89@example.com,AT,Graz,6,Manufacturing
C0090,Julia Hoffmann,julia.hoffmann90@example.com,DE,Berlin,0,Healthcare
C0091,Marie Becker,marie.becker91@example.com,AT,Linz,3,Healthcare
C0092,Anna Moser,anna.moser92@example.com,AT,Innsbruck,8,IT
C0093,Elias Weber,elias.weber93@example.com,DE,Cologne,7,Office & Admin
C0094,Elias Neumann,elias.neumann94@example.com,AT,Innsbruck,11,Logistics
C0095,Fabian Winkler,fabian.winkler95@example.com,DE,Berlin,7,Healthcare
C0096,Laura Wimmer,laura.wimmer96@example.com,AT,Innsbruck,8,Manufacturing
C0097,Petra Wolf,petra.wolf97@example.com,DE,Cologne,10,Manufacturing
C0098,Anna Braun,anna.braun98@example.com,AT,Graz,0,Healthcare
C0099,Clara Wimmer,clara.wimmer99@example.com,DE,Berlin,6,Manufacturing
C0100,Simon Schmidt,simon.schmidt100@example.com,AT,Salzburg,7,Office & Admin
C0101,Eva Werner,eva.werner101@example.com,AT,Innsbruck,5,Manufacturing
C0102,Lena Koch,lena.koch102@example.com,DE,Hamburg,6,Manufacturing
C0103,Nora Fischer,nora.fischer103@example.com,DE,Cologne,5,Manufacturing
C0104,Markus Huber,markus.huber104@example.com,DE,Munich,9,IT
C0105,Laura Klein,laura.klein105@example.com,AT,Innsbruck,3,Office & Admin
C0106,Simon Richter,simon.richter106@example.com,DE,Munich,6,Logistics
C0107,Felix Werner,felix.werner107@example.com,DE,Frankfurt,5,Office & Admin
C0108,Lukas Neumann,lukas.neumann108@example.com,DE,Leipzig,10,IT
C0109,Clara Winkler,clara.winkler109@example.com,AT,Linz,5,Healthcare
C0110,Petra Wagner,petra.wagner110@example.com,DE,Hamburg,9,Office & Admin
C0111,Nora Hoffmann,nora.hoffmann111@example.com,DE,Munich,4,Office & Admin
C0112,Nora Huber,nora.huber112@example.com,DE,Cologne,4,Healthcare
C0113,Clara Koch,clara.koch113@example.com,DE,Cologne,6,Manufacturing
C0114,Anna Huber,anna.huber114@example.com,DE,Frankfurt,4,Office & Admin
C0115,Fabian Hoffmann,fabian.hoffmann115@example.com,DE,Frankfurt,5,Office & Admin
C0116,Martin Schmidt,martin.schmidt116@example.com,AT,Innsbruck,11,Healthcare
C0117,Michael Schmidt,michael.schmidt117@example.com,DE,Hamburg,6,Office & Admin
C0118,David Schmidt,david.schmidt118@example.com,AT,Graz,4,Manufacturing
C0119,Elias Huber,elias.huber119@example.com,DE,Hamburg,1,IT
C0120,Philipp Meyer,philipp.meyer120@example.com,DE,Hamburg,7,Healthcare
C0121,Lukas Schaefer,lukas.schaefer121@example.com,AT,Vienna,6,Manufacturing
C0122,Tobias Klein,tobias.klein122@example.com,DE,Berlin,14,Logistics
C0123,Felix Becker,felix.becker123@example.com,AT,Graz,3,Healthcare
C0124,Nora Schaefer,nora.schaefer124@example.com,DE,Munich,9,Manufacturing
C0125,Tobias Gruber,tobias.gruber125@example.com,AT,Salzburg,2,Healthcare
C0126,Simon Schaefer,simon.schaefer126@example.com,AT,Innsbruck,10,IT
C0127,Eva Pichler,eva.pichler127@example.com,DE,Leipzig,1,Healthcare
C0128,Laura Fuchs,laura.fuchs128@example.com,DE,Cologne,5,Logistics
C0129,Julia Hoffmann,julia.hoffmann129@example.com,AT,Salzburg,6,Healthcare
C0130,Eva Schneider,eva.schneider130@example.com,DE,Cologne,7,Manufacturing
C0131,Elias Wagner,elias.wagner131@example.com,DE,Leipzig,5,IT
C0132,Elena Leitner,elena.leitner132@example.com,DE,Leipzig,0,Logistics
C0133,Sarah Meyer,sarah.meyer133@example.com,AT,Salzburg,17,IT
C0134,Nina Bauer,nina.bauer134@example.com,AT,Linz,1,Logistics
C0135,Miriam Richter,miriam.richter135@example.com,AT,Vienna,7,Healthcare
C0136,Simon Werner,simon.werner136@example.com,DE,Berlin,4,Manufacturing
C0137,Simon Pichler,simon.pichler137@example.com,DE,Hamburg,7,IT
C0138,Fabian Wolf,fabian.wolf138@example.com,DE,Berlin,6,Logistics
C0139,Nora Becker,nora.becker139@example.com,DE,Leipzig,3,IT
C0140,Noah Berger,noah.berger140@example.com,DE,Berlin,5,IT
C0141,Philipp Schaefer,philipp.schaefer141@example.com,AT,Salzburg,10,Office & Admin
C0142,Anna Winkler,anna.winkler142@example.com,DE,Frankfurt,10,Logistics
C0143,Fabian Becker,fabian.becker143@example.com,DE,Frankfurt,4,Healthcare
C0144,Markus Koch,markus.koch144@example.com,DE,Hamburg,6,Manufacturing
C0145,Noah Hoffmann,noah.hoffmann145@example.com,DE,Berlin,0,Office & Admin
C0146,Miriam Wolf,miriam.wolf146@example.com,DE,Cologne,15,IT
C0147,Sarah Fuchs,sarah.fuchs147@example.com,DE,Leipzig,8,Manufacturing
C0148,Martin Berger,martin.berger148@example.com,AT,Linz,7,Office & Admin
C0149,Martin Braun,martin.braun149@example.com,AT,Innsbruck,5,IT
C0150,Martin Novak,martin.novak150@example.com,AT,Linz,3,IT
C0151,Hanna Gruber,hanna.gruber151@example.com,AT,Innsbruck,3,IT
C0152,Stefan Werner,stefan.werner152@example.com,DE,Leipzig,0,IT
C0153,Miriam Mueller,miriam.mueller153@example.com,DE,Leipzig,3,IT
C0154,Andreas Schmidt,andreas.schmidt154@example.com,AT,Innsbruck,9,IT
C0155,Philipp Gruber,philipp.gruber155@example.com,DE,Leipzig,8,IT
C0156,Andreas Berger,andreas.berger156@example.com,DE,Berlin,12,Healthcare
C0157,Elias Winkler,elias.winkler157@example.com,DE,Hamburg,4,Office & Admin
C0158,Clara Steiner,clara.steiner158@example.com,DE,Berlin,0,Office & Admin
C0159,Leon Werner,leon.werner159@example.com,DE,Berlin,7,Office & Admin
C0160,Laura Lange,laura.lange160@example.com,DE,Munich,6,Manufacturing
C0161,Elena Hoffmann,elena.hoffmann161@example.com,AT,Linz,5,Logistics
C0162,Daniel Gruber,daniel.gruber162@example.com,DE,Hamburg,10,Manufacturing
C0163,Tobias Neumann,tobias.neumann163@example.com,DE,Berlin,8,Manufacturing
C0164,Lukas Koch,lukas.koch164@example.com,DE,Frankfurt,9,Manufacturing
C0165,Anna Fischer,anna.fischer165@example.com,AT,Innsbruck,4,Logistics
C0166,Julia Bauer,julia.bauer166@example.com,DE,Frankfurt,16,Healthcare
C0167,Nora Richter,nora.richter167@example.com,DE,Munich,13,Manufacturing
C0168,David Becker,david.becker168@example.com,DE,Munich,12,IT
C0169,Jonas Schmidt,jonas.schmidt169@example.com,DE,Frankfurt,7,Healthcare
C0170,Katharina Huber,katharina.huber170@example.com,AT,Salzburg,9,Logistics
C0171,Fabian Koch,fabian.koch171@example.com,DE,Hamburg,9,IT
C0172,David Meyer,david.meyer172@example.com,DE,Leipzig,6,Office & Admin
C0173,Andreas Becker,andreas.becker173@example.com,DE,Frankfurt,10,Healthcare
C0174,Martin Gruber,martin.gruber174@example.com,DE,Frankfurt,4,Office & Admin
C0175,Noah Werner,noah.werner175@example.com,AT,Graz,9,IT
C0176,Mia Hoffmann,mia.hoffmann176@example.com,DE,Frankfurt,7,IT
C0177,Marie Novak,marie.novak177@example.com,DE,Frankfurt,5,IT
C0178,Sarah Schmidt,sarah.schmidt178@example.com,DE,Hamburg,5,Logistics
C0179,Laura Wagner,laura.wagner179@example.com,DE,Cologne,9,Office & Admin
C0180,Sarah Lange,sarah.lange180@example.com,AT,Graz,7,IT
C0181,Simon Schmidt,simon.schmidt181@example.com,AT,Innsbruck,7,IT
C0182,Noah Berger,noah.berger182@example.com,DE,Frankfurt,2,Healthcare
C0183,Andreas Koch,andreas.koch183@example.com,DE,Cologne,9,Logistics
C0184,Stefan Wolf,stefan.wolf184@example.com,AT,Graz,6,Manufacturing
C0185,Nina Neumann,nina.neumann185@example.com,AT,Graz,9,Logistics
C0186,Jakob Bauer,jakob.bauer186@example.com,DE,Cologne,10,Logistics
C0187,Fabian Koch,fabian.koch187@example.com,DE,Hamburg,2,Logistics
C0188,Paul Novak,paul.novak188@example.com,DE,Hamburg,6,Logistics
C0189,Eva Neumann,eva.neumann189@example.com,DE,Hamburg,10,Manufacturing
C0190,Marie Hoffmann,marie.hoffmann190@example.com,DE,Cologne,7,Healthcare
C0191,Nora Schaefer,nora.schaefer191@example.com,DE,Leipzig,8,Manufacturing
C0192,Martin Schmidt,martin.schmidt192@example.com,AT,Linz,3,Office & Admin
C0193,David Huber,david.huber193@example.com,AT,Graz,5,Manufacturing
C0194,Laura Bauer,laura.bauer194@example.com,DE,Cologne,8,Logistics
C0195,Paul Hoffmann,paul.hoffmann195@example.com,DE,Leipzig,8,Healthcare
C0196,Katharina Meyer,katharina.meyer196@example.com,DE,Hamburg,0,Manufacturing
C0197,Hanna Huber,hanna.huber197@example.com,DE,Cologne,15,IT
C0198,Leon Becker,leon.becker198@example.com,DE,Berlin,5,Manufacturing
C0199,Clara Schmidt,clara.schmidt199@example.com,DE,Berlin,9,Office & Admin
C0200,Clara Klein,clara.klein200@example.com,AT,Vienna,10,IT
C0201,Laura Novak,laura.novak201@example.com,DE,Hamburg,8,Logistics
C0202,Sofia Weber,sofia.weber202@example.com,AT,Salzburg,4,Logistics
C0203,Jonas Klein,jonas.klein203@example.com,AT,Salzburg,2,Manufacturing
C0204,Noah Becker,noah.becker204@example.com,DE,Berlin,10,Logistics
C0205,Jakob Becker,jakob.becker205@example.com,DE,Frankfurt,1,Logistics
C0206,Elias Hoffmann,elias.hoffmann206@example.com,DE,Hamburg,11,Healthcare
C0207,Stefan Weber,stefan.weber207@example.com,DE,Hamburg,4,IT
C0208,Jonas Novak,jonas.novak208@example.com,DE,Berlin,8,IT
C0209,Mia Wimmer,mia.wimmer209@example.com,DE,Frankfurt,2,Healthcare
C0210,Mia Steiner,mia.steiner210@example.com,DE,Berlin,4,Office & Admin
C0211,Leon Weber,leon.weber211@example.com,AT,Linz,0,Healthcare
C0212,David Steiner,david.steiner212@example.com,DE,Berlin,4,Office & Admin
C0213,Stefan Richter,stefan.richter213@example.com,DE,Leipzig,1,IT
C0214,Clara Hoffmann,clara.hoffmann214@example.com,AT,Salzburg,5,Office & Admin
C0215,Lukas Moser,lukas.moser215@example.com,AT,Linz,6,Office & Admin
C0216,Elias Meyer,elias.meyer216@example.com,DE,Munich,9,Logistics
C0217,Katharina Schaefer,katharina.schaefer217@example.com,DE,Leipzig,7,Manufacturing
C0218,Elena Fuchs,elena.fuchs218@example.com,AT,Innsbruck,6,Manufacturing
C0219,Markus Wolf,markus.wolf219@example.com,DE,Frankfurt,8,Logistics
C0220,Michael Novak,michael.novak220@example.com,AT,Linz,3,Office & Admin
C0221,Tobias Meyer,tobias.meyer221@example.com,DE,Cologne,4,IT
C0222,Nora Fuchs,nora.fuchs222@example.com,DE,Leipzig,0,Logistics
C0223,Andreas Moser,andreas.moser223@example.com,AT,Vienna,0,Logistics
C0224,Fabian Weber,fabian.weber224@example.com,DE,Hamburg,1,IT
C0225,Marie Schneider,marie.schneider225@example.com,DE,Leipzig,0,IT
C0226,Noah Berger,noah.berger226@example.com,DE,Berlin,7,IT
C0227,Petra Richter,petra.richter227@example.com,DE,Hamburg,3,Logistics
C0228,Daniel Leitner,daniel.leitner228@example.com,DE,Leipzig,6,Logistics
C0229,Leon Braun,leon.braun229@example.com,AT,Graz,0,Manufacturing
C0230,Miriam Fischer,miriam.fischer230@example.com,DE,Berlin,0,Office & Admin
C0231,Marie Pichler,marie.pichler231@example.com,DE,Cologne,13,Logistics
C0232,Sarah Wagner,sarah.wagner232@example.com,DE,Frankfurt,5,Office & Admin
C0233,Elias Mueller,elias.mueller233@example.com,AT,Vienna,5,Logistics
C0234,Katharina Werner,katharina.werner234@example.com,DE,Leipzig,0,Office & Admin
C0235,Nora Hoffmann,nora.hoffmann235@example.com,DE,Cologne,4,Manufacturing
C0236,Clara Becker,clara.becker236@example.com,DE,Berlin,6,IT
C0237,Paul Weber,paul.weber237@example.com,DE,Cologne,9,IT
C0238,Elena Schaefer,elena.schaefer238@example.com,AT,Innsbruck,6,IT
C0239,Tobias Mueller,tobias.mueller239@example.com,DE,Cologne,8,Healthcare
C0240,Elena Fischer,elena.fischer240@example.com,DE,Cologne,4,Manufacturing
C0241,Felix Schmidt,felix.schmidt241@example.com,DE,Leipzig,1,Healthcare
C0242,Mia Becker,mia.becker242@example.com,DE,Hamburg,7,Office & Admin
C0243,Andreas Wimmer,andreas.wimmer243@example.com,DE,Hamburg,0,Healthcare
C0244,Nina Richter,nina.richter244@example.com,DE,Hamburg,2,Office & Admin
C0245,Sarah Bauer,sarah.bauer245@example.com,DE,Frankfurt,8,Manufacturing
C0246,Sofia Meyer,sofia.meyer246@example.com,DE,Berlin,12,Healthcare
C0247,Eva Fuchs,eva.fuchs247@example.com,DE,Hamburg,0,Manufacturing
C0248,Ines Leitner,ines.leitner248@example.com,DE,Frankfurt,0,Office & Admin
C0249,Petra Fischer,petra.fischer249@example.com,DE,Cologne,4,IT
C0250,Markus Schneider,markus.schneider250@example.com,AT,Graz,0,IT
C0251,Laura Richter,laura.richter251@example.com,DE,Cologne,3,Healthcare
C0252,Nina Leitner,nina.leitner252@example.com,AT,Vienna,4,Logistics
C0253,Clara Leitner,clara.leitner253@example.com,DE,Cologne,6,Logistics
C0254,Tobias Leitner,tobias.leitner254@example.com,DE,Hamburg,11,Manufacturing
C0255,Sofia Hoffmann,sofia.hoffmann255@example.com,AT,Vienna,12,Office & Admin
C0256,Katharina Weber,katharina.weber256@example.com,DE,Berlin,9,Office & Admin
C0257,Emma Wagner,emma.wagner257@example.com,DE,Cologne,6,Logistics
C0258,Simon Moser,simon.moser258@example.com,DE,Munich,8,Manufacturing
C0259,Lukas Hoffmann,lukas.hoffmann259@example.com,DE,Berlin,0,Healthcare
C0260,Andreas Meyer,andreas.meyer260@example.com,AT,Vienna,8,Logistics
C0261,Paul Winkler,paul.winkler261@example.com,AT,Graz,9,Healthcare
C0262,Ines Weber,ines.weber262@example.com,DE,Berlin,7,Logistics
C0263,Lena Lange,lena.lange263@example.com,AT,Salzburg,5,Logistics
C0264,Emma Schaefer,emma.schaefer264@example.com,DE,Hamburg,4,Office & Admin
C0265,Markus Richter,markus.richter265@example.com,DE,Munich,4,Logistics
C0266,Sarah Novak,sarah.novak266@example.com,DE,Cologne,5,Logistics
C0267,Martin Bauer,martin.bauer267@example.com,DE,Leipzig,8,Office & Admin
C0268,David Leitner,david.leitner268@example.com,DE,Cologne,1,Healthcare
C0269,Felix Koch,felix.koch269@example.com,DE,Hamburg,6,Logistics
C0270,Mia Wolf,mia.wolf270@example.com,DE,Cologne,6,IT
C0271,Markus Schaefer,markus.schaefer271@example.com,DE,Frankfurt,7,Logistics
C0272,Marie Pichler,marie.pichler272@example.com,DE,Leipzig,0,Office & Admin
C0273,Sarah Becker,sarah.becker273@example.com,DE,Leipzig,6,Healthcare
C0274,Hanna Winkler,hanna.winkler274@example.com,AT,Vienna,9,Healthcare
C0275,Eva Neumann,eva.neumann275@example.com,AT,Vienna,6,IT
C0276,Stefan Moser,stefan.moser276@example.com,DE,Hamburg,4,Office & Admin
C0277,Noah Huber,noah.huber277@example.com,DE,Munich,11,Office & Admin
C0278,David Klein,david.klein278@example.com,DE,Frankfurt,3,IT
C0279,Philipp Schneider,philipp.schneider279@example.com,DE,Leipzig,7,Logistics
C0280,Philipp Schneider,philipp.schneider280@example.com,AT,Salzburg,11,IT
C0281,Laura Steiner,laura.steiner281@example.com,DE,Hamburg,8,IT
C0282,Paul Pichler,paul.pichler282@example.com,AT,Graz,7,Office & Admin
C0283,Sarah Schaefer,sarah.schaefer283@example.com,AT,Innsbruck,4,Office & Admin
C0284,Elias Klein,elias.klein284@example.com,AT,Vienna,13,Manufacturing
C0285,Elena Fischer,elena.fischer285@example.com,DE,Munich,4,Office & Admin
C0286,Miriam Weber,miriam.weber286@example.com,DE,Berlin,18,Office & Admin
C0287,Anna Wagner,anna.wagner287@example.com,DE,Cologne,4,Logistics
C0288,Marie Winkler,marie.winkler288@example.com,AT,Graz,12,Manufacturing
C0289,Martin Schmidt,martin.schmidt289@example.com,DE,Berlin,0,Logistics
C0290,Simon Richter,simon.richter290@example.com,DE,Leipzig,0,Office & Admin
C0291,Mia Berger,mia.berger291@example.com,DE,Berlin,11,IT
C0292,Daniel Meyer,daniel.meyer292@example.com,DE,Frankfurt,5,Manufacturing
C0293,Hanna Meyer,hanna.meyer293@example.com,AT,Vienna,5,Office & Admin
C0294,Anna Wagner,anna.wagner294@example.com,AT,Innsbruck,7,Manufacturing
C0295,Marie Gruber,marie.gruber295@example.com,AT,Innsbruck,7,Office & Admin
C0296,Jonas Richter,jonas.richter296@example.com,DE,Frankfurt,5,IT
C0297,Michael Winkler,michael.winkler297@example.com,DE,Hamburg,0,Healthcare
C0298,Marie Klein,marie.klein298@example.com,DE,Cologne,11,Manufacturing
C0299,Sofia Fischer,sofia.fischer299@example.com,DE,Munich,8,Office & Admin
C0300,Sofia Wagner,sofia.wagner300@example.com,DE,Frankfurt,1,Logistics
C0301,Marie Wolf,marie.wolf301@example.com,DE,Munich,7,Healthcare
C0302,David Koch,david.koch302@example.com,AT,Salzburg,0,IT
C0303,Nina Schneider,nina.schneider303@example.com,DE,Frankfurt,4,Logistics
C0304,Stefan Schaefer,stefan.schaefer304@example.com,DE,Hamburg,1,Office & Admin
C0305,Nora Bauer,nora.bauer305@example.com,DE,Berlin,3,Logistics
C0306,Sarah Moser,sarah.moser306@example.com,AT,Vienna,9,Logistics
C0307,Marie Huber,marie.huber307@example.com,DE,Berlin,4,Logistics
C0308,David Lange,david.lange308@example.com,AT,Linz,3,Logistics
C0309,Hanna Steiner,hanna.steiner309@example.com,AT,Innsbruck,9,Logistics
C0310,Hanna Hoffmann,hanna.hoffmann310@example.com,DE,Berlin,10,Office & Admin
C0311,Michael Richter,michael.richter311@example.com,AT,Graz,11,Office & Admin
C0312,Elias Schneider,elias.schneider312@example.com,DE,Cologne,0,IT
C0313,Felix Bauer,felix.bauer313@example.com,DE,Cologne,5,Office & Admin
C0314,Jonas Gruber,jonas.gruber314@example.com,AT,Salzburg,0,Healthcare
C0315,Fabian Gruber,fabian.gruber315@example.com,DE,Munich,1,Healthcare
C0316,Simon Becker,simon.becker316@example.com,AT,Linz,11,Manufacturing
C0317,Daniel Novak,daniel.novak317@example.com,DE,Munich,2,IT
C0318,Daniel Bauer,daniel.bauer318@example.com,DE,Cologne,0,Logistics
C0319,Michael Werner,michael.werner319@example.com,AT,Innsbruck,0,Logistics
C0320,Ines Braun,ines.braun320@example.com,DE,Leipzig,6,Logistics
C0321,Jakob Koch,jakob.koch321@example.com,DE,Munich,9,IT
C0322,Leon Schmidt,leon.schmidt322@example.com,DE,Berlin,3,Logistics
C0323,Noah Fischer,noah.fischer323@example.com,DE,Cologne,7,Manufacturing
C0324,Eva Moser,eva.moser324@example.com,AT,Vienna,4,Logistics
C0325,Nora Braun,nora.braun325@example.com,AT,Vienna,0,Healthcare
C0326,Elena Koch,elena.koch326@example.com,DE,Hamburg,3,Manufacturing
C0327,Anna Berger,anna.berger327@example.com,DE,Frankfurt,0,IT
C0328,David Fuchs,david.fuchs328@example.com,DE,Leipzig,0,Healthcare
C0329,Noah Wimmer,noah.wimmer329@example.com,DE,Berlin,6,Manufacturing
C0330,Andreas Schneider,andreas.schneider330@example.com,DE,Hamburg,9,Office & Admin
C0331,Ines Wimmer,ines.wimmer331@example.com,DE,Leipzig,9,Office & Admin
C0332,Clara Fischer,clara.fischer332@example.com,DE,Hamburg,1,IT
C0333,Eva Becker,eva.becker333@example.com,AT,Vienna,13,Office & Admin
C0334,Paul Leitner,paul.leitner334@example.com,DE,Munich,3,IT
C0335,Elias Wimmer,elias.wimmer335@example.com,DE,Munich,6,Office & Admin
C0336,Miriam Leitner,miriam.leitner336@example.com,DE,Leipzig,4,Logistics
C0337,Daniel Hoffmann,daniel.hoffmann337@example.com,DE,Berlin,8,Logistics
C0338,Stefan Novak,stefan.novak338@example.com,AT,Innsbruck,4,IT
C0339,Jakob Weber,jakob.weber339@example.com,DE,Hamburg,8,Healthcare
C0340,Tobias Klein,tobias.klein340@example.com,DE,Frankfurt,0,Logistics
C0341,Elena Fuchs,elena.fuchs341@example.com,DE,Munich,10,Manufacturing
C0342,Elias Becker,elias.becker342@example.com,DE,Cologne,5,Manufacturing
C0343,Markus Bauer,markus.bauer343@example.com,AT,Graz,10,Logistics
C0344,Fabian Winkler,fabian.winkler344@example.com,DE,Leipzig,13,IT
C0345,Hanna Weber,hanna.weber345@example.com,DE,Berlin,6,Logistics
C0346,Lukas Fischer,lukas.fischer346@example.com,AT,Innsbruck,10,IT
C0347,Hanna Koch,hanna.koch347@example.com,DE,Frankfurt,1,Office & Admin
C0348,Lena Schmidt,lena.schmidt348@example.com,DE,Cologne,9,IT
C0349,Julia Werner,julia.werner349@example.com,DE,Hamburg,9,Office & Admin
C0350,Fabian Meyer,fabian.meyer350@example.com,DE,Hamburg,2,Office & Admin
C0351,Jonas Bauer,jonas.bauer351@example.com,DE,Frankfurt,1,Logistics
C0352,Clara Wagner,clara.wagner352@example.com,AT,Graz,8,Office & Admin
C0353,Lukas Bauer,lukas.bauer353@example.com,AT,Linz,9,Manufacturing
C0354,Elena Steiner,elena.steiner354@example.com,DE,Frankfurt,12,Logistics
C0355,Andreas Novak,andreas.novak355@example.com,AT,Vienna,7,Logistics
C0356,Hanna Steiner,hanna.steiner356@example.com,AT,Graz,1,Manufacturing
C0357,Julia Klein,julia.klein357@example.com,DE,Munich,1,IT
C0358,Philipp Meyer,philipp.meyer358@example.com,DE,Berlin,4,Office & Admin
C0359,Markus Moser,markus.moser359@example.com,DE,Munich,3,Logistics
C0360,Petra Klein,petra.klein360@example.com,DE,Hamburg,7,IT
C0361,Michael Becker,michael.becker361@example.com,DE,Munich,3,IT
C0362,Marie Schmidt,marie.schmidt362@example.com,DE,Hamburg,6,Office & Admin
C0363,Markus Richter,markus.richter363@example.com,DE,Leipzig,7,Logistics
C0364,Marie Werner,marie.werner364@example.com,DE,Leipzig,0,Logistics
C0365,Martin Becker,martin.becker365@example.com,DE,Leipzig,9,Office & Admin
C0366,Daniel Leitner,daniel.leitner366@example.com,AT,Innsbruck,6,Healthcare
C0367,Lena Neumann,lena.neumann367@example.com,AT,Vienna,6,Manufacturing
C0368,David Huber,david.huber368@example.com,DE,Berlin,4,Office & Admin
C0369,Philipp Schmidt,philipp.schmidt369@example.com,DE,Leipzig,1,Office & Admin
C0370,Paul Fuchs,paul.fuchs370@example.com,AT,Linz,9,Healthcare
C0371,Noah Werner,noah.werner371@example.com,DE,Leipzig,3,Manufacturing
C0372,Mia Werner,mia.werner372@example.com,DE,Hamburg,4,Healthcare
C0373,Lukas Neumann,lukas.neumann373@example.com,DE,Frankfurt,7,Manufacturing
C0374,Felix Berger,felix.berger374@example.com,AT,Innsbruck,0,Logistics
C0375,Petra Moser,petra.moser375@example.com,DE,Hamburg,7,Healthcare
C0376,Lena Bauer,lena.bauer376@example.com,AT,Vienna,0,Manufacturing
C0377,Tobias Meyer,tobias.meyer377@example.com,DE,Frankfurt,6,Manufacturing
C0378,Stefan Fuchs,stefan.fuchs378@example.com,DE,Leipzig,5,Healthcare
C0379,Elena Novak,elena.novak379@example.com,DE,Hamburg,7,Healthcare
C0380,David Winkler,david.winkler380@example.com,DE,Hamburg,5,Manufacturing
C0381,Emma Gruber,emma.gruber381@example.com,DE,Frankfurt,9,IT
C0382,Jakob Steiner,jakob.steiner382@example.com,DE,Leipzig,12,Logistics
C0383,Andreas Pichler,andreas.pichler383@example.com,DE,Berlin,10,Healthcare
C0384,Sarah Wimmer,sarah.wimmer384@example.com,DE,Frankfurt,2,Logistics
C0385,Mia Klein,mia.klein385@example.com,AT,Innsbruck,0,Manufacturing
C0386,Elias Novak,elias.novak386@example.com,DE,Munich,6,Logistics
C0387,Anna Leitner,anna.leitner387@example.com,AT,Innsbruck,9,Manufacturing
C0388,Ines Novak,ines.novak388@example.com,DE,Berlin,13,Healthcare
C0389,Fabian Wimmer,fabian.wimmer389@example.com,AT,Graz,10,IT
C0390,Markus Koch,markus.koch390@example.com,AT,Innsbruck,11,Logistics
C0391,Sarah Meyer,sarah.meyer391@example.com,DE,Hamburg,7,Logistics
C0392,Markus Neumann,markus.neumann392@example.com,DE,Berlin,6,Logistics
C0393,Andreas Koch,andreas.koch393@example.com,AT,Vienna,7,Manufacturing
C0394,Emma Klein,emma.klein394@example.com,DE,Cologne,5,IT
C0395,Fabian Bauer,fabian.bauer395@example.com,DE,Leipzig,5,IT
C0396,Andreas Wimmer,andreas.wimmer396@example.com,AT,Innsbruck,5,IT
C0397,Jonas Steiner,jonas.steiner397@example.com,DE,Cologne,9,IT
C0398,David Leitner,david.leitner398@example.com,DE,Frankfurt,5,Office & Admin
C0399,Clara Moser,clara.moser399@example.com,AT,Linz,5,Healthcare
C0400,Hanna Schaefer,hanna.schaefer400@example.com,AT,Vienna,4,Office & Admin
